Date,ETHOpen,ETHHigh,ETHLow,volumeto,volumefrom,TBondsOpenValue,IndexFutures,InflationRateValue,UnemploymentValue,FedFundRateValue,GDP,SandPValue
2015-08-07,0.6747,3.0,0.6747,371.79,123.93,155.6875,98.29,0.17,5.1,0.14,17393.1,2093.0
2015-08-08,3.0,3.0,0.15,1438.16,2119.43,157.0,98.215,0.17,5.1,0.14,17393.1,2080.0
2015-08-09,1.2,1.2,1.2,0.0,0.0,157.0,98.215,0.17,5.1,0.14,17393.1,2080.0
2015-08-10,1.2,1.2,1.2,0.0,0.0,157.0,98.215,0.17,5.1,0.14,17393.1,2080.0
2015-08-11,1.2,1.2,0.6504,7419.73,9486.09,158.625,97.985,0.17,5.1,0.15,17393.1,2072.5
2015-08-12,0.99,1.29,0.905,2376.28,2140.46,156.875,97.54,0.17,5.1,0.15,17393.1,2101.3
2015-08-13,1.29,1.88,1.26,4923.22,3163.29,158.71875,97.495,0.17,5.1,0.15,17393.1,2080.8
2015-08-14,1.88,2.1,1.79,11070.41,5800.73,158.1875,96.69,0.17,5.1,0.14,17393.1,2083.0
2015-08-15,1.79,1.79,1.5,14812.75,8711.24,157.90625,96.655,0.17,5.1,0.14,17393.1,2079.8
2015-08-16,1.79,1.79,0.5,10794.95,9714.19,157.90625,96.655,0.17,5.1,0.14,17393.1,2079.8
2015-08-17,1.37,1.59,1.25,6063.99,4325.42,157.90625,96.655,0.17,5.1,0.15,17393.1,2079.8
2015-08-18,1.3,1.36,1.15,2867.74,2390.72,158.1875,96.885,0.17,5.1,0.15,17393.1,2089.7
2015-08-19,1.36,1.36,0.99,4769.3,4131.9,158.6875,97.2,0.17,5.1,0.15,17393.1,2098.3
2015-08-20,1.24,1.52,1.24,1771.6,1273.0,157.78125,97.265,0.17,5.1,0.15,17393.1,2093.2
2015-08-21,1.52,1.53,1.44,9197.39,6310.99,158.84375,96.805,0.17,5.1,0.15,17393.1,2073.1
2015-08-22,1.44,1.44,1.4,321.76,229.59,160.28125,96.125,0.17,5.1,0.15,17393.1,2027.0
2015-08-23,1.4,1.4,1.31,438.75,323.11,160.28125,96.125,0.17,5.1,0.15,17393.1,2027.0
2015-08-24,1.35,1.35,1.24,6460.83,5117.98,160.28125,96.125,0.17,5.1,0.15,17393.1,2027.0
2015-08-25,1.24,1.28,1.22,1188.35,938.92,160.875,95.235,0.17,5.1,0.15,17393.1,1967.4
2015-08-26,1.27,1.27,1.08,2337.47,2043.44,160.375,93.88,0.17,5.1,0.14,17393.1,1872.7
2015-08-27,1.18,1.19,1.14,269.07,230.3,158.875,94.105,0.17,5.1,0.14,17393.1,1867.6
2015-08-28,1.14,1.3,1.14,26922.13,20767.1,156.09375,95.505,0.17,5.1,0.14,17393.1,1941.7
2015-08-29,1.3,1.3,1.15,383.37,329.64,156.34375,96.1,0.17,5.1,0.14,17393.1,1987.5
2015-08-30,1.18,1.35,1.17,10975.8,8505.13,156.34375,96.1,0.17,5.1,0.14,17393.1,1987.5
2015-08-31,1.32,1.32,0.9,3959.42,3258.74,156.34375,96.1,0.17,5.1,0.08,17393.1,1987.5
2015-09-01,1.31,1.38,1.31,1220.61,894.21,156.25,96.42,0.195,5.1,0.14,17393.1,1986.1
2015-09-02,1.36,1.37,1.14,698.71,519.87,155.5625,96.16,0.195,5.0,0.14,17393.1,1962.3
2015-09-03,1.14,1.33,1.14,3717.92,2872.93,156.53125,95.74,0.195,5.0,0.14,17393.1,1912.0
2015-09-04,1.28,1.4,1.28,18.76,15.39,155.625,96.3,0.195,5.0,0.14,17393.1,1948.5
2015-09-05,1.23,1.37,1.23,10437.44,7881.76,156.0625,96.68,0.195,5.0,0.14,17393.1,1946.5
2015-09-06,1.37,1.39,1.34,145.64,111.78,156.0625,96.68,0.195,5.0,0.14,17393.1,1946.5
2015-09-07,1.34,1.34,1.28,526.2,393.9,156.0625,96.68,0.195,5.0,0.14,17393.1,1946.5
2015-09-08,1.28,1.28,1.26,103.93,82.23,156.0625,96.55,0.195,5.0,0.14,17393.1,1946.5
2015-09-09,1.26,1.26,1.21,27.57,21.42,157.21875,96.49,0.195,5.0,0.14,17393.1,1926.4
2015-09-10,1.21,1.21,1.12,3361.62,2866.95,155.875,96.14,0.195,5.0,0.14,17393.1,1965.0
2015-09-11,1.19,1.19,0.9242,3066.25,2877.26,155.8125,96.095,0.195,5.0,0.14,17393.1,1943.2
2015-09-12,0.9242,1.15,0.9242,513.1,509.27,155.25,95.685,0.195,5.0,0.14,17393.1,1945.5
2015-09-13,1.15,1.15,0.8837,3817.24,3917.32,155.25,95.685,0.195,5.0,0.14,17393.1,1945.5
2015-09-14,0.8856,0.9622,0.885,805.59,870.32,155.25,95.685,0.195,5.0,0.14,17393.1,1945.5
2015-09-15,0.955,1.0,0.804,2273.61,2558.87,156.125,95.385,0.195,5.0,0.14,17393.1,1961.5
2015-09-16,0.95,0.9563,0.9363,47.63,49.44,156.25,95.75,0.195,5.0,0.14,17393.1,1958.5
2015-09-17,0.9363,0.9363,0.8238,129.7,151.36,153.71875,95.985,0.195,5.0,0.14,17393.1,1979.5
2015-09-18,0.875,0.88,0.8523,593.31,684.62,153.59375,95.565,0.195,5.0,0.14,17393.1,1992.5
2015-09-19,0.8523,0.89,0.8013,3.59,4.32,155.125,94.89,0.195,5.0,0.14,17393.1,1976.0
2015-09-20,0.89,0.89,0.88,12.33,13.92,155.125,94.89,0.195,5.0,0.14,17393.1,1976.0
2015-09-21,0.8871,0.95,0.8871,171.52,179.51,155.125,94.89,0.195,5.0,0.14,17393.1,1976.0
2015-09-22,0.9412,0.9412,0.8059,175.81,199.71,157.03125,95.6,0.195,5.0,0.14,17393.1,1949.0
2015-09-23,0.8059,0.91,0.8059,13.25,14.71,153.75,96.25,0.195,5.0,0.14,17393.1,1964.1
2015-09-24,0.91,0.91,0.8,568.89,690.58,155.40625,96.75,0.195,5.0,0.14,17393.1,1927.6
2015-09-25,0.8,0.8,0.6823,2184.33,2933.0,155.5,96.445,0.195,5.0,0.13,17393.1,1932.0
2015-09-26,0.6823,0.7703,0.6805,58.79,79.54,156.3125,96.58,0.195,5.0,0.13,17393.1,1920.0
2015-09-27,0.7703,0.7703,0.7007,10.93,14.55,156.3125,96.58,0.195,5.0,0.13,17393.1,1920.0
2015-09-28,0.7008,0.7047,0.6,3491.1,5565.17,156.3125,96.58,0.195,5.0,0.13,17393.1,1920.0
2015-09-29,0.6,0.6816,0.5,11590.73,20404.67,155.625,96.58,0.195,5.0,0.13,17393.1,1913.5
2015-09-30,0.6816,0.74,0.5046,529.45,736.83,157.3125,96.23,0.195,5.0,0.07,17393.1,1879.0
2015-10-01,0.7137,0.7137,0.6545,457.44,654.4,157.84375,96.235,-0.036,5.0,0.13,17393.1,1877.0
2015-10-02,0.6548,0.666,0.6548,266.64,400.99,157.8125,96.65,-0.036,5.0,0.13,17393.1,1901.7
2015-10-03,0.6647,0.6796,0.6647,34.43,51.02,157.90625,96.47,-0.036,5.0,0.13,17393.1,1918.0
2015-10-04,0.6796,0.6747,0.6095,533.8,791.61,157.90625,96.47,-0.036,5.0,0.13,17393.1,1918.0
2015-10-05,0.6095,0.6095,0.6078,35.41,55.74,157.90625,96.47,-0.036,5.0,0.13,17393.1,1918.0
2015-10-06,0.6078,0.6511,0.6091,15.52,24.17,158.78125,96.22,-0.036,5.0,0.13,17393.1,1940.5
2015-10-07,0.6511,0.611,0.6,1236.98,2025.65,157.28125,96.385,-0.036,5.0,0.13,17393.1,1972.6
2015-10-08,0.6,0.64,0.6,3673.39,5755.79,157.90625,95.835,-0.036,5.0,0.13,17393.1,1961.7
2015-10-09,0.62,0.6352,0.5701,1298.61,2199.18,157.21875,95.77,-0.036,5.0,0.13,17393.1,1987.3
2015-10-10,0.75,0.75,0.6351,0.0,0.0,156.625,95.55,-0.036,5.0,0.13,17393.1,2005.0
2015-10-11,0.6352,0.5993,0.5993,8.63,14.4,156.625,95.55,-0.036,5.0,0.13,17393.1,2005.0
2015-10-12,0.5993,0.639,0.63,13.34,21.12,156.625,95.55,-0.036,5.0,0.13,17393.1,2005.0
2015-10-13,0.63,0.65,0.6016,471.4,767.84,157.03125,95.035,-0.036,5.0,0.13,17393.1,2006.5
2015-10-14,0.6017,0.6017,0.5,1538.06,2761.81,157.78125,95.12,-0.036,5.0,0.13,17393.1,2011.9
2015-10-15,0.5,0.56,0.4832,128.6,256.3,158.0625,94.98,-0.036,5.0,0.13,17393.1,1991.0
2015-10-16,0.56,0.5622,0.525,210.97,399.96,159.65625,94.21,-0.036,5.0,0.13,17393.1,1988.0
2015-10-17,0.525,0.54,0.52,855.31,1591.58,158.84375,94.835,-0.036,5.0,0.13,17393.1,2018.9
2015-10-18,0.523,0.52,0.505,534.99,1039.88,158.84375,94.835,-0.036,5.0,0.13,17393.1,2018.9
2015-10-19,0.505,0.505,0.4821,780.79,1562.1,158.84375,94.835,-0.036,5.0,0.13,17393.1,2018.9
2015-10-20,0.5,0.4805,0.44,682.42,1480.51,158.53125,94.85,-0.036,5.0,0.13,17393.1,2024.5
2015-10-21,0.44,0.4719,0.42,707.15,1627.75,158.4375,95.16,-0.036,5.0,0.13,17393.1,2025.9
2015-10-22,0.42,0.609,0.411,1759.69,3339.9,157.375,95.075,-0.036,5.0,0.12,17393.1,2017.7
2015-10-23,0.609,0.609,0.5,2166.11,3807.21,158.53125,95.23,-0.036,5.0,0.12,17393.1,2010.1
2015-10-24,0.5649,0.5561,0.51,156.31,296.28,158.34375,96.81,-0.036,5.0,0.12,17393.1,2054.0
2015-10-25,0.5561,0.67,0.5875,902.43,1436.0,158.34375,96.81,-0.036,5.0,0.12,17393.1,2054.0
2015-10-26,0.62,0.706,0.62,1190.13,1777.47,158.34375,96.81,-0.036,5.0,0.12,17393.1,2054.0
2015-10-27,0.706,0.901,0.7012,1738.7,2123.87,157.09375,97.46,-0.036,5.0,0.12,17393.1,2066.0
2015-10-28,0.83,1.01,0.82,4611.9,4983.13,157.9375,97.085,-0.036,5.0,0.12,17393.1,2063.6
2015-10-29,0.99,1.2,0.9717,4937.61,4424.45,158.3125,97.26,-0.036,5.0,0.12,17393.1,2061.0
2015-10-30,1.12,1.34,1.12,4346.06,3523.16,157.84375,97.935,-0.036,5.0,0.07,17393.1,2081.0
2015-10-31,1.14,1.14,0.8676,804.5,822.97,155.96875,97.5,-0.036,5.0,0.07,17393.1,2085.1
2015-11-01,0.8676,0.99,0.8676,176.28,186.43,155.96875,97.5,0.171,5.0,0.07,17393.1,2085.1
2015-11-02,0.99,1.06,0.9753,7192.3,7199.5,155.96875,97.5,0.171,5.0,0.12,17393.1,2085.1
2015-11-03,0.9878,1.06,0.8425,6124.85,6169.75,156.6875,97.055,0.171,5.0,0.12,17393.1,2072.1
2015-11-04,1.06,1.06,0.7987,5189.9,5884.47,156.0625,97.21,0.171,5.0,0.12,17393.1,2094.0
2015-11-05,0.799,1.0,0.799,1078.04,1214.52,154.8125,97.58,0.171,5.0,0.12,17393.1,2101.4
2015-11-06,0.8764,0.9899,0.79,3121.82,3228.49,154.71875,98.205,0.171,5.0,0.12,17393.1,2095.2
2015-11-07,0.9899,0.93,0.8647,1195.35,1347.58,154.28125,98.25,0.171,5.0,0.12,17393.1,2094.1
2015-11-08,0.93,1.0,0.8945,3067.91,3145.98,154.28125,98.25,0.171,5.0,0.12,17393.1,2094.1
2015-11-09,1.0,1.08,0.89,8903.45,8592.57,154.28125,98.25,0.171,5.0,0.12,17393.1,2094.1
2015-11-10,0.998,1.0,0.9,7531.93,7729.17,152.5,99.59,0.171,5.0,0.12,17393.1,2091.5
2015-11-11,0.9,0.94,0.73,9539.72,11933.21,151.96875,99.285,0.171,5.0,0.12,17393.1,2072.7
2015-11-12,0.75,0.9,0.75,2032.79,2346.43,152.1875,99.38,0.171,5.0,0.12,17393.1,2076.5
2015-11-13,0.88,0.9,0.8395,1625.35,1866.15,152.125,99.085,0.171,5.0,0.12,17393.1,2068.0
2015-11-14,0.9,0.91,0.8736,469.05,524.56,152.84375,98.86,0.171,5.0,0.12,17393.1,2039.0
2015-11-15,0.88,0.9193,0.8746,770.24,857.27,152.84375,98.86,0.171,5.0,0.12,17393.1,2039.0
2015-11-16,0.9193,0.925,0.6612,2699.37,3010.0,152.84375,98.86,0.171,5.0,0.13,17393.1,2039.0
2015-11-17,0.925,1.0,0.9224,9189.91,9307.01,154.03125,99.29,0.171,5.0,0.13,17393.1,2007.9
2015-11-18,1.0,1.0,0.95,3299.12,3368.62,153.40625,99.69,0.171,5.0,0.12,17393.1,2046.3
2015-11-19,0.9973,1.0,0.92,1221.53,1252.29,153.71875,99.925,0.171,5.0,0.12,17393.1,2048.7
2015-11-20,0.94,0.94,0.91,154.39,165.69,153.75,99.66,0.171,5.0,0.12,17393.1,2078.0
2015-11-21,0.92,0.96,0.92,378.0,390.35,154.53125,99.35,0.171,5.0,0.12,17393.1,2077.1
2015-11-22,0.96,0.97,0.8827,236.45,241.87,154.53125,99.35,0.171,5.0,0.12,17393.1,2077.1
2015-11-23,0.97,0.92,0.92,775.88,818.33,154.53125,99.35,0.171,5.0,0.12,17393.1,2077.1
2015-11-24,0.92,0.95,0.91,544.62,591.67,154.40625,99.84,0.171,5.0,0.12,17393.1,2088.9
2015-11-25,0.91,0.9126,0.8674,2775.34,3152.27,155.125,99.95,0.171,5.0,0.12,17393.1,2082.7
2015-11-26,0.87,0.91,0.8155,4777.98,5503.36,154.9375,99.76,0.171,5.0,0.12,17393.1,2084.6
2015-11-27,0.86,0.89,0.88,719.18,808.67,154.9375,99.925,0.171,5.0,0.12,17393.1,2084.6
2015-11-28,0.88,0.91,0.88,968.33,1066.31,155.28125,100.075,0.171,5.0,0.12,17393.1,2089.4
2015-11-29,0.91,0.91,0.85,2380.31,2708.13,155.28125,100.075,0.171,5.0,0.12,17393.1,2089.4
2015-11-30,0.87,0.88,0.8674,394.73,451.72,155.28125,100.075,0.171,5.0,0.08,17393.1,2089.4
2015-12-01,0.88,0.8885,0.8423,2502.08,2868.99,155.25,100.275,0.502,5.0,0.13,17393.1,2089.7
2015-12-02,0.87,0.87,0.8,3243.49,3975.37,155.75,100.36,0.502,5.0,0.13,17393.1,2086.8
2015-12-03,0.82,0.83,0.7979,905.48,1120.65,157.46875,99.98,0.502,5.0,0.13,17393.1,2099.6
2015-12-04,0.83,0.84,0.8246,527.97,641.7,157.25,100.19,0.502,5.0,0.13,17393.1,2083.0
2015-12-05,0.84,0.8699,0.8351,785.96,925.93,153.9375,98.11,0.502,5.0,0.13,17393.1,2056.2
2015-12-06,0.8699,0.87,0.825,765.93,895.02,153.9375,98.11,0.502,5.0,0.13,17393.1,2056.2
2015-12-07,0.825,0.825,0.7829,1325.08,1633.24,153.9375,98.11,0.502,5.0,0.13,17393.1,2056.2
2015-12-08,0.79,0.898,0.7796,5379.11,6806.09,154.9375,98.455,0.502,5.0,0.13,17393.1,2092.2
2015-12-09,0.8102,0.8533,0.761,7556.91,9646.13,156.375,98.86,0.502,5.0,0.14,17393.1,2080.3
2015-12-10,0.8051,0.8683,0.7797,5897.28,7073.4,156.4375,98.615,0.502,5.0,0.14,17393.1,2062.5
2015-12-11,0.8437,0.9,0.77,5965.49,7043.09,156.5,97.45,0.502,5.0,0.14,17393.1,2047.4
2015-12-12,0.8998,0.96,0.8998,5089.12,5300.39,156.75,98.05,0.502,5.0,0.14,17393.1,2025.0
2015-12-13,0.96,0.9749,0.8835,980.32,1038.47,156.75,98.05,0.502,5.0,0.14,17393.1,2025.0
2015-12-14,0.9199,0.99,0.9628,4533.37,4590.34,156.75,98.05,0.502,5.0,0.15,17393.1,2025.0
2015-12-15,0.99,1.0,0.96,8124.77,8104.04,158.28125,97.915,0.502,5.0,0.15,17393.1,2012.5
2015-12-16,1.0,1.1,0.8,5846.17,6132.75,156.96875,97.74,0.502,5.0,0.15,17393.1,2038.5
2015-12-17,0.803,0.9701,0.803,576.1,619.15,156.09375,98.3,0.502,5.0,0.37,17393.1,2057.0
2015-12-18,0.94,0.94,0.9,376.47,410.08,156.375,98.89,0.502,5.0,0.37,17393.1,2078.0
2015-12-19,0.9,0.9193,0.8935,2153.11,2375.25,157.40625,99.15,0.502,5.0,0.37,17393.1,2024.0
2015-12-20,0.8935,1.07,0.8935,1380.78,1453.06,157.40625,99.15,0.502,5.0,0.37,17393.1,2024.0
2015-12-21,1.07,1.07,0.91,2543.95,2589.86,157.40625,99.15,0.502,5.0,0.36,17393.1,2024.0
2015-12-22,0.91,0.9999,0.88,6918.73,8987.25,157.46875,98.805,0.502,5.0,0.36,17393.1,1999.0
2015-12-23,0.88,0.9897,0.87,498.47,562.86,156.34375,98.56,0.502,5.0,0.36,17393.1,2020.6
2015-12-24,0.8709,0.8899,0.85,1216.12,1412.67,155.21875,98.37,0.502,5.0,0.36,17393.1,2034.2
2015-12-25,0.87,0.88,0.8569,313.7,365.16,154.34375,98.43,0.502,5.0,0.36,17393.1,2052.9
2015-12-26,0.88,1.0,0.85,2673.21,2826.94,154.34375,98.43,0.502,5.0,0.36,17393.1,2052.9
2015-12-27,0.853,0.918,0.84,1168.48,1358.1,154.34375,98.43,0.502,5.0,0.36,17393.1,2052.9
2015-12-28,0.918,0.918,0.84,3616.85,4168.63,154.34375,98.43,0.502,5.0,0.36,17393.1,2052.9
2015-12-29,0.8749,0.89,0.8433,458.85,531.31,155.0,98.02,0.502,5.0,0.36,17393.1,2052.4
2015-12-30,0.86,0.929,0.86,3942.3,4377.1,,98.04,0.502,5.0,0.35,17393.1,2049.7
2015-12-31,0.8925,0.9666,0.8925,766.98,813.44,153.46875,98.41,0.502,5.0,0.2,17393.1,2072.3
2016-01-01,0.9488,0.9488,0.9184,43.41,47.26,153.46875,98.425,0.73,5.0,0.2,18036.65,2054.5
2016-01-02,0.92,0.9547,0.92,68.51,72.45,153.46875,98.425,0.73,4.9,0.2,18036.65,2054.5
2016-01-03,0.9547,0.97,0.9506,485.22,502.24,153.46875,98.425,0.73,4.9,0.2,18036.65,2054.5
2016-01-04,0.96,0.9644,0.9186,787.29,828.89,153.46875,98.425,0.73,4.9,0.36,18036.65,2054.5
2016-01-05,0.95,0.9599,0.9409,735.99,777.37,153.4375,98.92,0.73,4.9,0.36,18036.65,2037.9
2016-01-06,0.9426,0.952,0.9292,1053.39,1120.47,154.28125,98.975,0.73,4.9,0.36,18036.65,2010.0
2016-01-07,0.95,0.96,0.93,1618.85,1694.99,153.96875,98.975,0.73,4.9,0.36,18036.65,2011.9
2016-01-08,0.94,0.985,0.94,6900.86,7059.36,155.53125,99.465,0.73,4.9,0.36,18036.65,1987.0
2016-01-09,0.985,0.998,0.9654,3030.57,3073.76,155.9375,98.5,0.73,4.9,0.36,18036.65,1933.0
2016-01-10,0.985,1.0,0.9902,1681.59,1684.6,155.9375,98.5,0.73,4.9,0.36,18036.65,1933.0
2016-01-11,1.0,1.1,1.0,8945.11,8518.36,155.9375,98.5,0.73,4.9,0.36,18036.65,1933.0
2016-01-12,1.08,1.25,1.05,27407.51,23690.96,156.6875,98.405,0.73,4.9,0.36,18036.65,1912.7
2016-01-13,1.22,1.22,1.07,9029.78,8237.02,155.46875,99.125,0.73,4.9,0.36,18036.65,1915.6
2016-01-14,1.14,1.16,1.1,2056.76,1789.57,157.4375,99.325,0.73,4.9,0.36,18036.65,1926.0
2016-01-15,1.16,1.33,1.16,8843.4,6977.01,157.65625,99.0,0.73,4.9,0.36,18036.65,1883.6
2016-01-16,1.2,1.32,1.2,8316.43,6771.31,157.5625,99.205,0.73,4.9,0.36,18036.65,1916.2
2016-01-17,1.22,1.31,1.21,2321.83,1812.03,157.5625,99.205,0.73,4.9,0.36,18036.65,1916.2
2016-01-18,1.31,1.55,1.31,49371.88,33753.13,157.5625,99.205,0.73,4.9,0.36,18036.65,1916.2
2016-01-19,1.47,1.47,1.22,4079.11,3029.93,157.5625,99.08,0.73,4.9,0.36,18036.65,1916.2
2016-01-20,1.22,1.61,1.22,7820.16,5144.5,159.21875,99.35,0.73,4.9,0.37,18036.65,1867.9
2016-01-21,1.54,1.61,1.4,39665.92,26653.2,158.875,99.145,0.73,4.9,0.37,18036.65,1874.0
2016-01-22,1.54,1.66,1.42,11707.58,7469.08,160.46875,99.39,0.73,4.9,0.38,18036.65,1856.5
2016-01-23,1.52,2.03,1.39,50006.7,26875.07,159.375,99.39,0.73,4.9,0.38,18036.65,1860.0
2016-01-24,2.03,2.3,1.1,130458.32,64291.7,159.375,99.39,0.73,4.9,0.38,18036.65,1860.0
2016-01-25,2.1,2.88,2.05,52226.03,21843.54,159.375,99.39,0.73,4.9,0.38,18036.65,1860.0
2016-01-26,2.5,2.8,2.25,117514.72,44655.38,158.9375,99.725,0.73,4.9,0.38,18036.65,1903.9
2016-01-27,2.3,2.8,1.88,39261.18,16352.69,160.0625,99.415,0.73,4.9,0.38,18036.65,1872.0
2016-01-28,2.42,2.61,2.24,15510.81,6391.94,160.15625,99.28,0.73,4.9,0.38,18036.65,1885.0
2016-01-29,2.55,2.61,2.21,67942.62,27250.81,159.875,99.16,0.73,4.9,0.29,18036.65,1879.0
2016-01-30,2.41,2.6,2.37,8531.53,3454.35,,98.735,0.73,4.9,0.29,18036.65,1878.1
2016-01-31,2.44,2.54,2.2,39324.61,16657.76,,98.735,0.73,4.9,0.29,18036.65,1878.1
2016-02-01,2.2,2.32,2.0,27808.17,12842.99,,98.735,1.373,4.9,0.38,18036.65,1878.1
2016-02-02,2.17,2.45,2.12,20326.35,9160.08,161.25,99.8,1.373,4.9,0.38,18036.65,1931.5
2016-02-03,2.45,2.54,2.3,16849.92,7322.15,,99.065,1.373,4.9,0.38,18036.65,1929.0
2016-02-04,2.53,2.79,2.5,37881.24,14966.85,,98.93,1.373,4.9,0.38,18036.65,1897.5
2016-02-05,2.57,2.59,2.47,26847.76,10524.85,162.21875,97.3,1.373,4.9,0.38,18036.65,1908.0
2016-02-06,2.56,2.57,2.48,14564.38,5812.71,163.1875,96.685,1.373,4.9,0.38,18036.65,1905.5
2016-02-07,2.53,3.0,2.51,50607.27,17649.92,163.1875,96.685,1.373,4.9,0.38,18036.65,1905.5
2016-02-08,3.0,3.24,2.75,68693.75,22654.68,163.1875,96.685,1.373,4.9,0.38,18036.65,1905.5
2016-02-09,3.16,3.97,3.14,112281.0,31113.41,163.5,97.15,1.373,4.9,0.38,18036.65,1876.0
2016-02-10,3.76,4.98,3.5,420132.78,100147.95,165.6875,96.67,1.373,4.9,0.38,18036.65,1850.1
2016-02-11,4.35,6.38,3.44,237406.57,47440.31,166.25,96.04,1.373,4.9,0.38,18036.65,1852.0
2016-02-12,6.38,6.47,5.05,329698.23,57897.35,167.84375,95.715,1.373,4.9,0.38,18036.65,1842.5
2016-02-13,5.27,5.8,4.07,309173.66,63405.7,168.21875,95.79,1.373,4.9,0.38,18036.65,1828.0
2016-02-14,5.22,5.41,4.5,105581.06,21713.64,168.21875,95.79,1.373,4.9,0.38,18036.65,1828.0
2016-02-15,5.2,5.98,4.5,157021.98,29632.21,168.21875,95.79,1.373,4.9,0.38,18036.65,1828.0
2016-02-16,5.22,5.44,4.0,149224.59,32789.19,168.21875,96.25,1.373,4.9,0.38,18036.65,1828.0
2016-02-17,4.25,4.78,3.5,194919.64,48722.06,166.3125,96.77,1.373,4.9,0.37,18036.65,1864.5
2016-02-18,3.86,4.75,3.32,160004.28,39288.63,165.78125,97.07,1.373,4.9,0.38,18036.65,1888.0
2016-02-19,4.36,4.75,4.06,67845.42,15018.41,164.5625,96.925,1.373,4.9,0.38,18036.65,1926.1
2016-02-20,4.45,4.72,4.01,59998.66,13675.44,166.5625,96.88,1.373,4.9,0.38,18036.65,1916.4
2016-02-21,4.37,4.63,4.0,96725.16,21988.0,166.5625,96.88,1.373,4.9,0.38,18036.65,1916.4
2016-02-22,4.63,5.84,4.5,184739.37,36144.92,166.5625,96.88,1.373,4.9,0.38,18036.65,1916.4
2016-02-23,5.6,6.0,5.32,167226.88,29377.55,166.53125,96.8,1.373,4.9,0.38,18036.65,1911.7
2016-02-24,5.7,6.5,5.51,203972.45,34361.9,166.46875,97.43,1.373,4.9,0.38,18036.65,1934.0
2016-02-25,6.23,6.64,5.55,301845.82,48900.99,167.09375,97.59,1.373,4.9,0.37,18036.65,1913.8
2016-02-26,5.93,6.29,5.71,94076.51,15761.77,166.40625,97.65,1.373,4.9,0.37,18036.65,1932.0
2016-02-27,6.03,6.5,5.75,190116.54,30540.52,166.84375,97.47,1.373,4.9,0.37,18036.65,1949.7
2016-02-28,6.31,6.54,6.15,88226.81,13763.78,166.84375,97.47,1.373,4.9,0.37,18036.65,1949.7
2016-02-29,6.5,6.62,6.0,104433.56,16461.91,166.84375,97.47,1.373,4.9,0.29,18036.65,1949.7
2016-03-01,6.35,7.6,6.25,429220.92,61216.63,165.53125,98.345,1.018,4.9,0.36,18036.65,1941.0
2016-03-02,7.59,9.9,7.04,467357.43,58610.55,165.96875,98.335,1.018,5.0,0.37,18036.65,1928.2
2016-03-03,8.7,9.94,8.3,862559.89,92235.14,163.84375,98.44,1.018,5.0,0.37,18036.65,1976.0
2016-03-04,9.35,9.96,8.27,908225.64,96041.71,164.15625,98.335,1.018,5.0,0.36,18036.65,1981.7
2016-03-05,9.96,12.0,9.75,1726260.37,162772.84,164.78125,97.735,1.018,5.0,0.36,18036.65,1990.0
2016-03-06,11.0,11.9,9.75,845841.96,77857.94,164.78125,97.735,1.018,5.0,0.36,18036.65,1990.0
2016-03-07,10.98,11.47,9.06,732233.35,73179.54,164.78125,97.735,1.018,5.0,0.36,18036.65,1990.0
2016-03-08,9.5,10.89,8.49,592001.58,63297.67,163.78125,97.415,1.018,5.0,0.36,18036.65,1994.0
2016-03-09,9.88,12.0,9.6,568223.02,52861.7,163.625,97.145,1.018,5.0,0.36,18036.65,1998.0
2016-03-10,11.55,12.05,10.25,749105.04,65387.74,165.3125,97.32,1.018,5.0,0.36,18036.65,1980.2
2016-03-11,11.11,11.62,10.4,332692.07,30110.04,164.78125,97.35,1.018,5.0,0.36,18036.65,1990.6
2016-03-12,11.25,13.48,11.03,1669862.35,131596.36,163.78125,96.24,1.018,5.0,0.36,18036.65,2008.0
2016-03-13,13.25,15.18,12.0,1539173.65,111671.2,163.78125,96.24,1.018,5.0,0.36,18036.65,2008.0
2016-03-14,15.0,15.0,10.5,1909296.28,143394.1,163.78125,96.24,1.018,5.0,0.36,18036.65,2008.0
2016-03-15,12.5,13.45,10.0,978794.3,79587.79,162.5,96.405,1.018,5.0,0.37,18036.65,2016.5
2016-03-16,13.09,13.75,12.8,593048.57,44790.6,162.8125,96.71,1.018,5.0,0.37,18036.65,2007.0
2016-03-17,12.92,13.0,10.2,1442272.97,127514.65,163.0,96.9,1.018,5.0,0.37,18036.65,2011.5
2016-03-18,11.14,11.47,8.09,1629668.64,168849.2,163.3125,95.865,1.018,5.0,0.37,18036.65,2027.5
2016-03-19,10.75,11.19,9.8,512234.39,48704.1,164.21875,94.76,1.018,5.0,0.37,18036.65,2032.1
2016-03-20,10.55,10.85,9.52,469675.86,47028.95,164.21875,94.76,1.018,5.0,0.37,18036.65,2032.1
2016-03-21,10.06,11.99,9.93,819534.02,73367.01,164.21875,94.76,1.018,5.0,0.37,18036.65,2032.1
2016-03-22,11.97,12.2,10.95,727727.88,63118.64,164.59375,95.13,1.018,5.0,0.37,18036.65,2036.9
2016-03-23,10.96,12.5,10.96,654062.63,54811.26,161.90625,95.475,1.018,5.0,0.37,18036.65,2043.0
2016-03-24,12.29,12.48,10.84,749565.0,65510.18,161.75,95.705,1.018,5.0,0.37,18036.65,2040.9
2016-03-25,11.13,11.4,10.51,555245.29,51369.17,163.28125,96.13,1.018,5.0,0.37,18036.65,2028.0
2016-03-26,10.69,11.38,10.58,265184.1,24312.17,163.28125,96.13,1.018,5.0,0.37,18036.65,2028.0
2016-03-27,11.0,11.09,10.11,465235.75,44241.08,163.28125,96.13,1.018,5.0,0.37,18036.65,2028.0
2016-03-28,10.5,11.83,10.3,711407.88,62920.43,163.28125,96.13,1.018,5.0,0.37,18036.65,2028.0
2016-03-29,11.58,11.8,11.19,472412.31,40603.83,162.90625,96.445,1.018,5.0,0.37,18036.65,2031.7
2016-03-30,11.73,12.13,11.21,644259.56,54718.84,163.1875,96.1,1.018,5.0,0.37,18036.65,2030.0
2016-03-31,11.88,12.13,11.33,469619.3,39949.51,164.59375,95.275,1.018,5.0,0.25,18036.65,2048.7
2016-04-01,11.41,11.89,11.27,230341.67,19715.95,163.59375,94.86,0.853,5.0,0.37,18036.65,2055.7
2016-04-02,11.63,11.67,11.35,109565.05,9501.52,164.5625,94.67,0.853,5.0,0.37,18036.65,2052.0
2016-04-03,11.61,11.64,11.46,143804.1,12428.66,164.5625,94.67,0.853,5.0,0.37,18036.65,2052.0
2016-04-04,11.58,11.63,10.99,368905.47,32923.86,164.5625,94.67,0.853,5.0,0.37,18036.65,2052.0
2016-04-05,11.1,11.26,10.01,848156.28,79852.79,164.90625,94.68,0.853,5.0,0.37,18036.65,2062.0
2016-04-06,10.39,11.13,10.25,347894.46,32717.74,165.0,94.565,0.853,5.0,0.37,18036.65,2054.4
2016-04-07,10.79,10.8,9.9,499584.17,48589.78,166.21875,94.715,0.853,5.0,0.37,18036.65,2041.7
2016-04-08,10.08,10.32,9.59,345107.3,35021.72,165.3125,94.52,0.853,5.0,0.37,18036.65,2058.3
2016-04-09,9.74,10.05,9.0,582928.98,62058.55,167.09375,94.745,0.853,5.0,0.37,18036.65,2032.0
2016-04-10,9.16,9.2,7.35,1608160.22,188885.83,167.09375,94.745,0.853,5.0,0.37,18036.65,2032.0
2016-04-11,8.8,8.95,7.99,477247.84,56548.23,167.09375,94.745,0.853,5.0,0.37,18036.65,2032.0
2016-04-12,8.72,8.72,7.15,656699.18,84712.55,166.25,94.31,0.853,5.0,0.37,18036.65,2040.4
2016-04-13,7.53,8.76,7.0,816613.56,105258.39,166.0,94.14,0.853,5.0,0.37,18036.65,2030.9
2016-04-14,8.02,8.88,8.0,331212.2,39418.82,165.125,94.155,0.853,5.0,0.37,18036.65,2057.0
2016-04-15,8.48,8.61,8.12,182732.33,21944.83,165.6875,95.015,0.853,5.0,0.37,18036.65,2075.8
2016-04-16,8.22,8.57,8.15,267873.74,32230.82,165.1875,95.055,0.853,5.0,0.37,18036.65,2077.3
2016-04-17,8.48,9.99,8.48,763315.62,83674.95,165.1875,95.055,0.853,5.0,0.37,18036.65,2077.3
2016-04-18,9.45,9.51,8.46,588238.26,65256.18,165.1875,95.055,0.853,5.0,0.37,18036.65,2077.3
2016-04-19,8.92,9.25,8.55,471842.85,52698.8,166.4375,94.765,0.853,5.0,0.37,18036.65,2063.1
2016-04-20,8.77,8.92,8.35,721266.7,83119.59,165.53125,94.61,0.853,5.0,0.37,18036.65,2085.8
2016-04-21,8.54,8.7,8.0,357687.04,42523.99,165.09375,94.195,0.853,5.0,0.37,18036.65,2094.0
2016-04-22,8.15,8.37,7.66,412692.1,51803.27,163.53125,94.62,0.853,5.0,0.37,18036.65,2097.9
2016-04-23,7.83,8.54,7.72,329479.8,40458.56,162.84375,94.61,0.853,5.0,0.37,18036.65,2080.1
2016-04-24,8.31,8.45,7.82,372438.74,45872.36,162.84375,94.61,0.853,5.0,0.37,18036.65,2080.1
2016-04-25,8.0,8.1,7.27,786134.19,101587.87,162.84375,94.61,0.853,5.0,0.37,18036.65,2080.1
2016-04-26,7.43,7.6,7.1,557777.13,75973.91,162.46875,95.18,0.853,5.0,0.37,18036.65,2090.1
2016-04-27,7.5,7.99,7.33,383755.39,49937.13,161.75,94.83,0.853,5.0,0.37,18036.65,2084.0
2016-04-28,7.77,7.79,7.25,283192.05,38139.17,161.25,94.505,0.853,5.0,0.37,18036.65,2082.0
2016-04-29,7.3,7.72,7.19,212926.36,28382.3,162.59375,94.515,0.853,5.0,0.3,18036.65,2092.5
2016-04-30,7.51,9.49,7.46,1391614.2,161070.5,163.09375,93.78,0.853,5.0,0.3,18036.65,2073.4
2016-05-01,8.83,9.19,8.42,396806.24,45746.21,163.09375,93.78,1.125,5.0,0.3,18036.65,2073.4
2016-05-02,8.76,10.43,8.75,1652336.46,170278.29,163.09375,93.78,1.125,4.7,0.37,18036.65,2073.4
2016-05-03,10.03,10.17,8.61,846402.68,88742.16,163.03125,93.0,1.125,4.7,0.37,18036.65,2059.8
2016-05-04,9.37,9.98,9.21,575918.82,59615.56,161.9375,92.565,1.125,4.7,0.37,18036.65,2075.0
2016-05-05,9.43,9.97,9.27,575232.88,59250.78,163.84375,93.055,1.125,4.7,0.37,18036.65,2059.5
2016-05-06,9.79,9.95,9.09,741537.5,77800.74,164.5625,93.36,1.125,4.7,0.37,18036.65,2047.5
2016-05-07,9.27,9.45,9.09,245436.5,26299.37,165.375,93.845,1.125,4.7,0.37,18036.65,2043.0
2016-05-08,9.3,9.54,8.91,486475.96,52779.54,165.375,93.845,1.125,4.7,0.37,18036.65,2043.0
2016-05-09,9.44,9.73,9.17,401181.56,42485.09,165.375,93.845,1.125,4.7,0.37,18036.65,2043.0
2016-05-10,9.32,9.5,9.22,212391.84,22598.27,165.0625,93.96,1.125,4.7,0.37,18036.65,2054.5
2016-05-11,9.39,10.01,9.37,756859.69,77452.75,165.78125,94.165,1.125,4.7,0.37,18036.65,2053.4
2016-05-12,9.97,10.57,9.79,1270749.3,125661.32,165.5625,94.3,1.125,4.7,0.37,18036.65,2077.3
2016-05-13,10.1,11.12,10.04,1097388.15,102926.21,166.21875,93.92,1.125,4.7,0.37,18036.65,2059.5
2016-05-14,10.48,10.66,9.74,754171.66,74136.44,165.59375,94.215,1.125,4.7,0.37,18036.65,2059.9
2016-05-15,10.14,10.47,9.91,413310.49,40804.7,165.59375,94.215,1.125,4.7,0.37,18036.65,2059.9
2016-05-16,9.94,11.4,9.93,1547748.84,142297.15,165.59375,94.215,1.125,4.7,0.37,18036.65,2059.9
2016-05-17,11.04,12.6,11.03,2752386.7,230629.51,166.71875,94.68,1.125,4.7,0.37,18036.65,2041.0
2016-05-18,12.26,14.35,12.11,3335939.49,253533.22,165.5625,94.59,1.125,4.7,0.37,18036.65,2060.2
2016-05-19,13.29,14.65,13.02,2927687.96,208913.19,165.46875,94.62,1.125,4.7,0.37,18036.65,2043.3
2016-05-20,14.49,15.01,13.36,3107344.23,217043.48,163.6875,95.21,1.125,4.7,0.37,18036.65,2042.5
2016-05-21,13.73,14.02,12.91,1546478.86,114861.73,164.15625,95.37,1.125,4.7,0.37,18036.65,2038.8
2016-05-22,13.95,14.3,13.77,1270263.09,90182.44,164.15625,95.37,1.125,4.7,0.37,18036.65,2038.8
2016-05-23,14.21,14.4,13.32,1734447.84,124645.5,164.15625,95.37,1.125,4.7,0.37,18036.65,2038.8
2016-05-24,13.45,13.81,11.9,2893203.8,227000.82,164.28125,95.385,1.125,4.7,0.37,18036.65,2052.8
2016-05-25,12.62,12.9,11.82,1826871.68,147584.03,164.65625,95.335,1.125,4.7,0.37,18036.65,2044.9
2016-05-26,12.53,12.91,12.04,1301320.22,104191.52,164.09375,95.65,1.125,4.7,0.37,18036.65,2075.0
2016-05-27,12.37,12.33,10.39,3679168.18,324384.65,163.71875,95.35,1.125,4.7,0.37,18036.65,2088.4
2016-05-28,11.11,12.22,10.34,3181224.1,277974.28,164.28125,95.165,1.125,4.7,0.37,18036.65,2090.7
2016-05-29,11.56,12.43,11.37,2228732.96,181903.59,164.28125,95.165,1.125,4.7,0.37,18036.65,2090.7
2016-05-30,12.28,12.76,12.03,1065248.89,85189.54,164.28125,95.165,1.125,4.7,0.37,18036.65,2090.7
2016-05-31,12.48,14.28,12.43,3515815.71,258408.09,164.28125,95.775,1.125,4.7,0.29,18036.65,2090.7
2016-06-01,13.85,14.26,13.4,2302485.63,165959.0,164.0,95.605,1.022,4.7,0.37,18036.65,2099.0
2016-06-02,13.83,14.08,13.62,1184334.76,85468.69,164.34375,95.81,1.022,4.9,0.37,18036.65,2094.0
2016-06-03,13.78,14.32,13.17,1686482.54,123895.0,165.1875,95.4,1.022,4.9,0.37,18036.65,2096.8
2016-06-04,13.78,13.91,13.33,1165878.35,85256.96,166.15625,95.545,1.022,4.9,0.37,18036.65,2103.3
2016-06-05,13.66,13.9,13.49,576616.65,41810.03,166.15625,95.545,1.022,4.9,0.37,18036.65,2103.3
2016-06-06,13.85,14.04,13.71,913782.43,65610.02,166.15625,95.545,1.022,4.9,0.37,18036.65,2103.3
2016-06-07,13.96,14.55,13.77,1831555.63,128761.04,168.15625,93.885,1.022,4.9,0.37,18036.65,2098.0
2016-06-08,14.41,14.76,14.3,2132214.64,146152.62,167.28125,93.945,1.022,4.9,0.37,18036.65,2108.3
2016-06-09,14.44,14.73,14.37,692699.24,47734.05,167.75,93.835,1.022,4.9,0.37,18036.65,2109.6
2016-06-10,14.49,14.52,13.74,1773836.82,125756.33,168.3125,93.535,1.022,4.9,0.37,18036.65,2117.1
2016-06-11,13.97,14.17,13.76,799325.05,57132.02,168.90625,94.18,1.022,4.9,0.37,18036.65,2099.5
2016-06-12,14.01,15.6,13.91,4346663.43,291120.87,168.90625,94.18,1.022,4.9,0.37,18036.65,2099.5
2016-06-13,15.57,17.6,15.33,7459518.81,444625.27,168.90625,94.18,1.022,4.9,0.37,18036.65,2099.5
2016-06-14,17.55,19.17,16.34,11077976.31,618455.32,169.8125,94.715,1.022,4.9,0.37,18036.65,2087.5
2016-06-15,18.7,18.79,17.51,3960403.68,216588.2,170.34375,94.475,1.022,4.9,0.37,18036.65,2076.0
2016-06-16,18.3,21.35,18.21,10598002.19,534902.76,170.375,95.125,1.022,4.9,0.38,18036.65,2080.0
2016-06-17,20.61,21.39,13.44,38835782.61,2377787.72,171.71875,94.515,1.022,4.9,0.38,18036.65,2062.0
2016-06-18,15.49,15.53,9.94,20282268.8,1669122.52,171.0,94.56,1.022,4.9,0.38,18036.65,2079.12
2016-06-19,11.36,13.53,10.55,7516494.48,614070.5,171.0,94.56,1.022,4.9,0.38,18036.65,2079.12
2016-06-20,12.33,12.61,10.42,7368783.61,640082.1,171.0,94.56,1.022,4.9,0.38,18036.65,2079.12
2016-06-21,11.7,12.76,11.08,5196251.43,429054.3,170.3125,94.115,1.022,4.9,0.38,18036.65,2073.0
2016-06-22,12.71,15.9,12.64,20239842.88,1411493.21,169.4375,93.6,1.022,4.9,0.38,18036.65,2075.8
2016-06-23,13.21,13.91,12.48,5979901.69,453618.17,167.28125,94.165,1.022,4.9,0.39,18036.65,2078.2
2016-06-24,13.58,14.8,13.12,5307462.67,381442.77,167.46875,93.63,1.022,4.9,0.4,18036.65,2083.0
2016-06-25,14.25,14.62,13.89,2233332.05,155676.24,165.84375,93.82,1.022,4.9,0.4,18036.65,2115.0
2016-06-26,14.28,14.33,13.56,1615035.73,116213.64,165.84375,93.82,1.022,4.9,0.4,18036.65,2115.0
2016-06-27,13.82,14.43,13.6,1241424.28,89075.0,165.84375,93.82,1.022,4.9,0.41,18036.65,2115.0
2016-06-28,14.04,14.14,11.36,7059267.13,567475.98,171.125,96.165,1.022,4.9,0.41,18036.65,2014.8
2016-06-29,12.15,12.98,11.59,3155698.71,258038.8,173.46875,96.57,1.022,4.9,0.41,18036.65,1990.0
2016-06-30,12.76,12.82,12.12,1682614.89,135155.85,173.125,96.165,1.022,4.9,0.3,18036.65,2027.5
2016-07-01,12.4,12.55,11.65,2146235.76,177334.83,172.03125,95.84,1.006,4.9,0.41,18036.65,2072.8
2016-07-02,12.23,12.3,11.87,837313.24,69561.77,172.6875,95.905,1.006,4.9,0.41,18036.65,2086.9
2016-07-03,12.04,12.15,11.56,1270392.38,107252.61,172.6875,95.905,1.006,4.9,0.41,18036.65,2086.9
2016-07-04,11.85,11.88,10.67,1827745.63,163420.68,172.6875,95.905,1.006,4.9,0.41,18036.65,2086.9
2016-07-05,11.34,11.41,8.98,6584753.12,644840.11,172.6875,95.82,1.006,4.9,0.4,18036.65,2086.9
2016-07-06,10.45,11.07,10.16,2068628.7,195218.22,174.40625,95.745,1.006,4.9,0.4,18036.65,2098.5
2016-07-07,10.51,10.6,9.69,1889826.01,188774.28,175.84375,96.405,1.006,4.9,0.4,18036.65,2082.0
2016-07-08,10.07,11.67,9.96,3259343.9,302123.91,176.25,96.195,1.006,4.9,0.4,18036.65,2091.5
2016-07-09,11.3,11.5,10.68,2172756.86,198498.24,176.34375,96.32,1.006,4.9,0.4,18036.65,2091.3
2016-07-10,10.92,11.14,10.77,542703.99,49703.64,176.34375,96.32,1.006,4.9,0.4,18036.65,2091.3
2016-07-11,10.97,11.03,10.1,1754036.13,166121.25,176.34375,96.32,1.006,4.9,0.4,18036.65,2091.3
2016-07-12,10.58,10.84,10.43,987728.29,93012.54,177.09375,96.41,1.006,4.9,0.4,18036.65,2123.5
2016-07-13,10.54,10.67,10.39,836101.35,79663.01,175.84375,96.66,1.006,4.9,0.4,18036.65,2130.8
2016-07-14,10.44,11.69,10.37,3803996.96,341067.86,173.84375,96.595,1.006,4.9,0.4,18036.65,2145.5
2016-07-15,11.55,12.64,11.4,5989467.51,500048.49,174.90625,96.3,1.006,4.9,0.4,18036.65,2144.6
2016-07-16,11.88,12.12,11.5,1741687.83,147184.72,172.9375,96.13,1.006,4.9,0.4,18036.65,2156.1
2016-07-17,11.59,11.73,10.9,4958378.98,433021.16,172.9375,96.13,1.006,4.9,0.4,18036.65,2156.1
2016-07-18,11.19,11.66,10.9,2657743.25,232932.36,172.9375,96.13,1.006,4.9,0.4,18036.65,2156.1
2016-07-19,11.03,12.1,10.95,4055734.52,351169.14,171.8125,96.54,1.006,4.9,0.4,18036.65,2154.4
2016-07-20,11.63,13.0,11.4,11258732.89,917203.07,171.78125,96.55,1.006,4.9,0.4,18036.65,2160.0
2016-07-21,12.54,12.92,12.02,5314646.39,427041.87,172.375,97.125,1.006,4.9,0.4,18036.65,2159.0
2016-07-22,12.66,15.06,12.57,14161594.6,1022189.35,171.34375,97.1,1.006,4.9,0.4,18036.65,2167.5
2016-07-23,14.82,15.27,13.99,7061906.87,487527.94,171.625,96.89,1.006,4.9,0.4,18036.65,2158.6
2016-07-24,14.4,14.68,12.15,13418374.59,1009091.94,171.625,96.89,1.006,4.9,0.4,18036.65,2158.6
2016-07-25,12.63,13.88,12.59,5674967.8,425383.73,171.625,96.89,1.006,4.9,0.4,18036.65,2158.6
2016-07-26,13.84,13.9,11.74,10981872.48,874826.71,171.78125,97.46,1.006,4.9,0.4,18036.65,2167.6
2016-07-27,12.08,13.52,11.73,5077547.65,400327.42,171.625,97.23,1.006,4.9,0.4,18036.65,2162.7
2016-07-28,13.05,13.08,12.48,3121650.55,244560.19,171.78125,97.075,1.006,4.9,0.4,18036.65,2164.6
2016-07-29,12.87,12.93,12.56,2029034.65,159098.97,173.53125,96.55,1.006,4.9,0.3,18036.65,2162.5
2016-07-30,12.87,12.88,12.53,2030259.8,160185.87,173.40625,96.45,1.006,4.9,0.3,18036.65,2165.7
2016-07-31,12.57,12.56,11.54,3358462.34,280247.54,173.40625,96.45,1.006,4.9,0.3,18036.65,2165.7
2016-08-01,11.86,12.05,10.15,3610696.61,316399.78,173.40625,96.45,0.835,4.9,0.4,18036.65,2165.7
2016-08-02,11.04,11.2,7.03,10863339.0,1126066.49,174.5625,95.59,0.835,4.9,0.4,18036.65,2173.4
2016-08-03,8.3,10.64,8.09,4834647.29,503182.0,172.6875,95.63,0.835,4.9,0.4,18036.65,2166.1
2016-08-04,10.42,11.53,10.25,2985961.17,271286.53,171.96875,95.085,0.835,4.9,0.4,18036.65,2152.2
2016-08-05,11.21,11.32,10.73,1126449.94,102061.37,172.15625,95.435,0.835,4.9,0.4,18036.65,2156.8
2016-08-06,11.05,11.09,10.34,1043336.22,97210.73,173.3125,95.69,0.835,4.9,0.4,18036.65,2160.0
2016-08-07,10.95,11.13,10.76,1377540.58,125746.11,173.3125,95.69,0.835,4.9,0.4,18036.65,2160.0
2016-08-08,10.98,11.49,10.83,2281375.46,207271.51,173.3125,95.69,0.835,4.9,0.4,18036.65,2160.0
2016-08-09,11.29,12.43,11.17,4071702.41,343589.13,171.375,96.235,0.835,4.9,0.4,18036.65,2176.0
2016-08-10,12.22,12.67,11.86,5255819.87,430925.77,171.46875,96.265,0.835,4.9,0.4,18036.65,2176.0
2016-08-11,12.22,12.35,11.59,3016560.99,254376.79,172.625,95.98,0.835,4.9,0.4,18036.65,2177.5
2016-08-12,11.68,12.04,11.58,2065414.17,175007.67,173.40625,95.47,0.835,4.9,0.4,18036.65,2171.6
2016-08-13,11.78,11.83,11.49,1193514.33,102568.78,172.03125,95.845,0.835,4.9,0.4,18036.65,2182.1
2016-08-14,11.56,11.71,11.08,1638525.12,144445.12,172.03125,95.845,0.835,4.9,0.4,18036.65,2182.1
2016-08-15,11.21,11.43,10.97,1373317.99,123330.54,172.03125,95.845,0.835,4.9,0.4,18036.65,2182.1
2016-08-16,11.21,11.43,10.98,1261077.45,113344.31,173.09375,95.645,0.835,4.9,0.4,18036.65,2180.6
2016-08-17,11.17,11.23,10.71,2530514.96,232747.19,171.65625,95.56,0.835,4.9,0.4,18036.65,2185.9
2016-08-18,10.77,11.07,10.74,1436468.67,132176.84,171.1875,94.73,0.835,4.9,0.4,18036.65,2177.7
2016-08-19,10.77,10.85,10.64,977152.43,91139.58,171.90625,94.55,0.835,4.9,0.4,18036.65,2180.6
2016-08-20,10.71,11.35,10.68,1576304.59,142722.0,172.0,94.18,0.835,4.9,0.4,18036.65,2183.6
2016-08-21,11.28,11.31,10.96,548398.26,49413.49,172.0,94.18,0.835,4.9,0.4,18036.65,2183.6
2016-08-22,11.14,11.37,11.04,1196884.83,106697.85,172.0,94.18,0.835,4.9,0.4,18036.65,2183.6
2016-08-23,11.07,11.22,10.87,1117682.67,101252.04,170.9375,94.6,0.835,4.9,0.4,18036.65,2181.6
2016-08-24,11.01,11.17,10.92,739274.46,66911.98,172.34375,94.51,0.835,4.9,0.4,18036.65,2180.3
2016-08-25,11.01,11.36,10.98,1230358.66,110000.85,172.6875,94.5,0.835,4.9,0.4,18036.65,2185.2
2016-08-26,11.35,11.44,11.19,847110.57,74956.83,172.15625,94.74,0.835,4.9,0.4,18036.65,2174.4
2016-08-27,11.26,11.29,11.15,485209.54,43250.69,171.6875,94.575,0.835,4.9,0.4,18036.65,2173.8
2016-08-28,11.19,11.21,10.98,793760.75,71814.79,171.6875,94.575,0.835,4.9,0.4,18036.65,2173.8
2016-08-29,10.99,11.16,10.77,1106816.52,100913.48,171.6875,94.575,0.835,4.9,0.4,18036.65,2173.8
2016-08-30,10.95,11.3,10.94,967365.36,86623.05,170.34375,95.535,0.835,4.9,0.4,18036.65,2167.6
2016-08-31,11.21,11.74,11.14,1283480.94,112221.24,172.03125,95.495,0.835,4.9,0.3,18036.65,2179.5
2016-09-01,11.55,12.6,11.55,3084388.07,253260.07,171.84375,95.945,1.063,4.9,0.4,18036.65,2175.8
2016-09-02,12.21,12.37,11.92,1731750.5,143465.8,171.71875,95.95,1.063,4.9,0.4,18036.65,2169.0
2016-09-03,12.08,12.41,11.55,1552172.47,130686.18,171.90625,95.61,1.063,4.9,0.4,18036.65,2166.7
2016-09-04,11.85,11.93,11.49,912660.28,77767.65,171.90625,95.61,1.063,4.9,0.4,18036.65,2166.7
2016-09-05,11.71,11.83,11.59,508640.52,43319.01,171.90625,95.61,1.063,4.9,0.4,18036.65,2166.7
2016-09-06,11.75,11.76,11.45,870183.38,74813.11,171.90625,95.82,1.063,4.9,0.4,18036.65,2166.7
2016-09-07,11.7,11.86,11.5,704039.31,60351.81,170.84375,95.7,1.063,4.9,0.4,18036.65,2179.2
2016-09-08,11.59,11.72,11.29,1182869.78,103115.7,172.40625,94.8,1.063,4.9,0.4,18036.65,2184.6
2016-09-09,11.39,11.76,11.29,1395640.15,119610.66,172.34375,94.905,1.063,4.9,0.4,18036.65,2184.5
2016-09-10,11.72,12.06,11.49,1011883.67,85755.36,170.21875,94.9,1.063,4.9,0.4,18036.65,2163.5
2016-09-11,12.05,12.2,11.58,1253034.95,105474.11,170.21875,94.9,1.063,4.9,0.4,18036.65,2163.5
2016-09-12,11.64,11.96,11.62,724255.11,61282.87,170.21875,94.9,1.063,4.9,0.4,18036.65,2163.5
2016-09-13,11.89,12.14,11.82,3108044.84,255671.62,168.625,95.26,1.063,4.9,0.4,18036.65,2117.5
2016-09-14,11.92,12.06,11.76,1189503.24,99146.41,168.65625,95.015,1.063,4.9,0.4,18036.65,2142.0
2016-09-15,11.97,12.14,11.89,1642142.0,135860.09,166.71875,95.47,1.063,4.9,0.4,18036.65,2128.0
2016-09-16,11.96,12.81,11.89,2298783.41,185415.24,167.0,95.285,1.063,4.9,0.4,18036.65,2123.5
2016-09-17,12.61,12.92,12.43,874551.9,68987.97,167.53125,95.155,1.063,4.9,0.4,18036.65,2139.96
2016-09-18,12.83,13.0,12.21,2999604.47,238089.25,167.53125,95.155,1.063,4.9,0.4,18036.65,2139.96
2016-09-19,12.39,13.16,12.36,1570880.51,122197.77,167.53125,95.155,1.063,4.9,0.4,18036.65,2139.96
2016-09-20,12.93,14.75,12.92,4649566.46,337399.06,167.34375,95.81,1.063,4.9,0.4,18036.65,2131.4
2016-09-21,14.72,14.84,13.18,3597165.78,258430.87,167.59375,95.695,1.063,4.9,0.4,18036.65,2133.9
2016-09-22,13.72,13.84,12.37,3037294.65,233688.9,166.03125,95.9,1.063,4.9,0.4,18036.65,2130.0
2016-09-23,13.11,13.46,13.08,1001985.49,75029.26,167.03125,95.285,1.063,4.9,0.4,18036.65,2155.2
2016-09-24,13.36,13.4,12.63,1202185.53,92383.05,167.78125,95.39,1.063,4.9,0.4,18036.65,2168.3
2016-09-25,12.91,13.17,12.79,565459.24,43536.37,167.78125,95.39,1.063,4.9,0.4,18036.65,2168.3
2016-09-26,13.05,13.16,12.8,783983.91,60625.32,167.78125,95.39,1.063,4.9,0.4,18036.65,2168.3
2016-09-27,12.89,13.3,12.83,1086159.78,83014.95,167.875,95.25,1.063,4.9,0.4,18036.65,2156.2
2016-09-28,13.09,13.56,13.06,1122919.8,84304.32,168.4375,95.235,1.063,4.9,0.4,18036.65,2139.1
2016-09-29,13.3,13.38,13.09,878164.58,66622.18,169.53125,95.345,1.063,4.9,0.4,18036.65,2152.2
2016-09-30,13.17,13.39,13.06,889551.06,67250.28,169.1875,95.235,1.063,4.9,0.29,18036.65,2163.5
2016-10-01,13.24,13.3,13.07,824667.95,62601.18,169.53125,95.41,1.464,4.9,0.29,18036.65,2144.7
2016-10-02,13.21,13.3,13.15,631029.44,47772.57,169.53125,95.41,1.464,4.8,0.29,18036.65,2144.7
2016-10-03,13.23,13.51,13.18,922433.1,69173.94,169.53125,95.41,1.464,4.8,0.4,18036.65,2144.7
2016-10-04,13.45,13.56,13.23,1307651.86,97492.97,168.4375,95.26,1.464,4.8,0.4,18036.65,2159.0
2016-10-05,13.32,13.44,13.09,1087377.43,82081.12,167.96875,95.6,1.464,4.8,0.4,18036.65,2153.9
2016-10-06,13.09,13.19,12.66,1424912.23,110390.99,166.375,96.0,1.464,4.8,0.4,18036.65,2144.5
2016-10-07,12.87,13.08,12.5,1313504.34,103359.07,165.84375,96.06,1.464,4.8,0.4,18036.65,2153.5
2016-10-08,12.68,12.76,12.04,1494626.67,121504.46,165.1875,96.73,1.464,4.8,0.4,18036.65,2155.2
2016-10-09,12.24,12.41,11.97,1339556.95,109641.16,165.1875,96.73,1.464,4.8,0.4,18036.65,2155.2
2016-10-10,12.06,12.15,11.6,2039638.55,171677.87,165.1875,96.73,1.464,4.8,0.4,18036.65,2155.2
2016-10-11,11.74,12.23,11.7,1355534.12,113271.99,165.125,96.5,1.464,4.8,0.41,18036.65,2151.2
2016-10-12,11.75,12.09,11.68,1348844.9,113738.16,164.28125,96.935,1.464,4.8,0.41,18036.65,2159.0
2016-10-13,11.77,12.1,11.74,1210242.49,101362.84,164.125,97.495,1.464,4.8,0.41,18036.65,2135.0
2016-10-14,12.02,12.06,11.84,794319.15,66486.8,164.34375,97.905,1.464,4.8,0.41,18036.65,2127.0
2016-10-15,11.9,11.98,11.76,625037.68,52634.61,164.78125,97.53,1.464,4.8,0.41,18036.65,2125.5
2016-10-16,11.96,12.04,11.87,425194.98,35541.36,164.78125,97.53,1.464,4.8,0.41,18036.65,2125.5
2016-10-17,11.93,12.0,11.82,921893.08,77330.0,164.78125,97.53,1.464,4.8,0.41,18036.65,2125.5
2016-10-18,11.98,12.92,11.93,2086531.11,166763.86,163.0625,97.99,1.464,4.8,0.41,18036.65,2127.7
2016-10-19,12.5,12.65,11.88,1413674.28,115707.2,164.0,97.65,1.464,4.8,0.41,18036.65,2121.7
2016-10-20,11.98,12.26,11.93,884658.87,73056.09,164.46875,97.81,1.464,4.8,0.41,18036.65,2132.0
2016-10-21,12.05,12.13,11.97,396002.15,32824.12,164.34375,97.79,1.464,4.8,0.41,18036.65,2137.2
2016-10-22,12.07,12.16,11.9,577127.12,47807.26,164.40625,98.28,1.464,4.8,0.41,18036.65,2138.0
2016-10-23,12.06,12.09,11.9,500515.73,41669.91,164.40625,98.28,1.464,4.8,0.41,18036.65,2138.0
2016-10-24,11.95,12.02,11.89,676684.77,56472.87,164.40625,98.28,1.464,4.8,0.41,18036.65,2138.0
2016-10-25,11.93,11.96,11.08,2217209.74,192636.11,164.96875,98.57,1.464,4.8,0.41,18036.65,2137.0
2016-10-26,11.38,11.69,11.29,906595.87,78611.67,164.28125,98.63,1.464,4.8,0.41,18036.65,2144.8
2016-10-27,11.5,11.57,11.21,1185604.19,103583.57,164.71875,98.61,1.464,4.8,0.41,18036.65,2134.0
2016-10-28,11.43,11.6,10.93,1744841.53,155011.77,163.8125,98.535,1.464,4.8,0.41,18036.65,2133.6
2016-10-29,11.08,11.25,9.42,3189413.09,306177.02,162.21875,98.79,1.464,4.8,0.41,18036.65,2127.5
2016-10-30,10.39,11.42,10.28,1221192.37,112375.48,162.21875,98.79,1.464,4.8,0.41,18036.65,2127.5
2016-10-31,11.22,11.64,10.86,1472033.65,131572.44,162.21875,98.79,1.464,4.8,0.31,18036.65,2127.5
2016-11-01,10.91,11.19,10.32,2120518.33,198088.97,162.375,98.295,1.636,4.8,0.41,18036.65,2122.0
2016-11-02,10.75,11.16,10.69,1354204.81,123645.27,162.8125,98.325,1.636,4.6,0.41,18036.65,2123.0
2016-11-03,10.82,11.12,10.71,1572227.6,143598.96,162.8125,97.635,1.636,4.6,0.41,18036.65,2101.5
2016-11-04,10.86,11.15,10.8,884314.9,80510.17,163.1875,97.36,1.636,4.6,0.41,18036.65,2091.5
2016-11-05,11.13,11.21,10.98,457396.63,41213.34,162.71875,97.165,1.636,4.6,0.41,18036.65,2084.0
2016-11-06,11.11,11.16,10.89,485095.74,44040.61,162.71875,97.165,1.636,4.6,0.41,18036.65,2084.0
2016-11-07,10.97,11.04,10.85,782734.52,71409.98,162.71875,97.165,1.636,4.6,0.41,18036.65,2084.0
2016-11-08,10.9,11.01,10.79,998744.71,91661.94,162.6875,97.215,1.636,4.6,0.41,18036.65,2103.5
2016-11-09,10.86,10.83,10.16,1986925.12,188601.77,162.625,97.7,1.636,4.6,0.41,18036.65,2128.5
2016-11-10,10.64,10.73,10.44,443281.63,41908.03,162.25,97.93,1.636,4.6,0.41,18036.65,2141.4
2016-11-11,10.52,10.67,10.19,775064.47,74537.19,157.3125,98.505,1.636,4.6,0.41,18036.65,2157.0
2016-11-12,10.29,10.34,9.64,1155624.22,115527.71,155.8125,98.73,1.636,4.6,0.41,18036.65,2164.5
2016-11-13,9.96,10.38,9.68,810621.17,80509.37,155.8125,98.73,1.636,4.6,0.41,18036.65,2164.5
2016-11-14,10.13,10.17,9.9,565262.66,56340.14,155.8125,98.73,1.636,4.6,0.41,18036.65,2164.5
2016-11-15,10.0,10.32,9.81,796438.73,78828.32,155.28125,99.04,1.636,4.6,0.41,18036.65,2164.5
2016-11-16,10.22,10.38,9.85,1257139.66,123479.9,153.90625,99.725,1.636,4.6,0.41,18036.65,2161.5
2016-11-17,10.01,10.14,9.81,1108257.76,110443.06,154.65625,100.02,1.636,4.6,0.41,18036.65,2178.6
2016-11-18,9.95,9.99,9.42,1198775.47,124353.87,155.21875,100.205,1.636,4.6,0.41,18036.65,2172.6
2016-11-19,9.53,9.76,9.45,664066.1,68883.22,153.21875,100.985,1.636,4.6,0.41,18036.65,2181.1
2016-11-20,9.7,9.76,9.5,486220.11,50630.78,153.21875,100.985,1.636,4.6,0.41,18036.65,2181.1
2016-11-21,9.57,9.65,9.43,450573.81,47177.88,153.21875,100.985,1.636,4.6,0.41,18036.65,2181.1
2016-11-22,9.56,10.25,9.51,1239793.68,125300.97,152.90625,101.325,1.636,4.6,0.41,18036.65,2179.9
2016-11-23,9.84,9.93,9.71,456302.47,46516.23,153.75,100.74,1.636,4.6,0.41,18036.65,2193.4
2016-11-24,9.78,9.82,8.69,1867383.41,202827.97,153.4375,101.015,1.636,4.6,0.41,18036.65,2200.5
2016-11-25,9.22,9.75,9.17,716441.17,76164.08,153.4375,101.78,1.636,4.6,0.41,18036.65,2200.5
2016-11-26,9.39,9.49,9.25,293525.05,31440.94,152.9375,101.75,1.636,4.6,0.41,18036.65,2201.1
2016-11-27,9.34,9.34,8.64,1353644.97,151243.97,152.9375,101.75,1.636,4.6,0.41,18036.65,2201.1
2016-11-28,8.91,9.04,8.56,883086.56,101091.68,152.9375,101.75,1.636,4.6,0.41,18036.65,2201.1
2016-11-29,8.66,8.71,7.8,2178363.36,267341.37,153.125,101.385,1.636,4.6,0.41,18036.65,2207.5
2016-11-30,8.18,8.73,8.07,1370387.35,162104.4,153.75,101.2,1.636,4.6,0.31,18036.65,2200.0
2016-12-01,8.59,8.67,8.27,830842.53,98313.35,154.1875,100.88,1.693,4.6,0.41,18036.65,2204.1
2016-12-02,8.44,8.44,7.3,3086902.62,398882.01,152.34375,101.49,1.693,4.7,0.41,18036.65,2199.4
2016-12-03,7.65,8.13,7.44,1424715.57,180463.15,150.6875,100.86,1.693,4.7,0.41,18036.65,2190.8
2016-12-04,7.9,7.92,7.42,728686.35,95243.77,150.6875,100.86,1.693,4.7,0.41,18036.65,2190.8
2016-12-05,7.54,7.6,6.53,2211620.44,312822.9,150.6875,100.86,1.693,4.7,0.41,18036.65,2190.8
2016-12-06,6.69,7.8,5.97,4244346.39,623351.64,152.375,101.1,1.693,4.7,0.41,18036.65,2181.8
2016-12-07,7.61,8.55,7.39,1716783.84,214021.7,151.96875,100.08,1.693,4.7,0.41,18036.65,2204.2
2016-12-08,8.35,8.9,8.19,1798741.61,211250.97,151.6875,100.44,1.693,4.7,0.41,18036.65,2210.9
2016-12-09,8.3,8.64,7.98,1200256.63,143712.62,152.46875,100.13,1.693,4.7,0.41,18036.65,2235.0
2016-12-10,8.52,8.58,8.01,862005.19,104211.63,150.9375,101.015,1.693,4.7,0.41,18036.65,2248.0
2016-12-11,8.09,8.25,8.06,424995.92,52124.68,150.9375,101.015,1.693,4.7,0.41,18036.65,2248.0
2016-12-12,8.2,8.6,8.15,1036639.9,123868.9,150.9375,101.015,1.693,4.7,0.41,18036.65,2248.0
2016-12-13,8.45,8.54,8.31,588447.87,69953.44,149.625,101.58,1.693,4.7,0.41,18036.65,2259.0
2016-12-14,8.4,8.47,8.2,572590.31,68798.49,150.1875,100.875,1.693,4.7,0.41,18036.65,2266.5
2016-12-15,8.23,8.28,7.67,1657356.88,208133.9,151.03125,100.95,1.693,4.7,0.66,18036.65,2269.0
2016-12-16,7.76,7.94,7.75,545242.73,69619.19,149.25,102.445,1.693,4.7,0.66,18036.65,2256.8
2016-12-17,7.85,7.87,7.47,931231.74,121912.84,150.5,103.14,1.693,4.7,0.66,18036.65,2268.63
2016-12-18,7.66,7.94,7.66,596318.5,75976.02,150.5,103.14,1.693,4.7,0.66,18036.65,2268.63
2016-12-19,7.89,7.92,7.57,561539.82,72458.43,150.5,103.14,1.693,4.7,0.66,18036.65,2268.63
2016-12-20,7.61,7.76,7.54,535548.66,70203.69,149.09375,102.71,1.693,4.7,0.66,18036.65,2257.0
2016-12-21,7.59,7.96,7.57,871421.76,111751.85,150.09375,103.03,1.693,4.7,0.66,18036.65,2262.2
2016-12-22,7.87,7.92,7.48,1484702.15,194789.0,148.71875,103.1,1.693,4.7,0.66,18036.65,2267.0
2016-12-23,7.64,7.64,7.05,1661753.26,226585.88,149.125,102.895,1.693,4.7,0.66,18036.65,2258.6
2016-12-24,7.16,7.44,7.02,536182.19,73814.1,148.90625,102.95,1.693,4.7,0.66,18036.65,2259.0
2016-12-25,7.23,7.31,7.1,417117.76,57948.25,148.90625,102.95,1.693,4.7,0.66,18036.65,2259.0
2016-12-26,7.19,7.3,6.98,544580.57,75691.69,148.90625,102.95,1.693,4.7,0.66,18036.65,2259.0
2016-12-27,7.21,7.34,7.03,652961.91,90828.65,148.90625,102.95,1.693,4.7,0.66,18036.65,2259.0
2016-12-28,7.15,7.72,7.03,1766689.13,239988.02,148.96875,103.025,1.693,4.7,0.66,18036.65,2258.7
2016-12-29,7.57,8.51,7.49,3493858.63,428828.39,148.5625,102.93,1.693,4.7,0.66,18036.65,2262.1
2016-12-30,8.21,8.48,7.99,1329431.98,161158.55,149.65625,103.135,1.693,4.7,0.55,18036.65,2246.0
2016-12-31,8.16,8.23,7.92,1105687.52,137420.77,149.875,102.255,1.693,4.7,0.55,18036.65,2246.4
2017-01-01,8.05,8.54,8.02,1347147.44,162635.97,149.875,102.255,2.075,4.7,0.55,18569.1,2246.4
2017-01-02,8.14,8.47,8.03,1292250.03,156606.04,149.875,102.255,2.075,4.8,0.55,18569.1,2246.4
2017-01-03,8.33,9.94,8.18,5292231.64,571218.0,149.875,102.255,2.075,4.8,0.66,18569.1,2246.4
2017-01-04,9.59,10.89,9.31,7005140.85,668352.35,150.21875,102.795,2.075,4.8,0.66,18569.1,2239.7
2017-01-05,10.88,11.63,9.07,9120265.2,869504.52,150.625,103.37,2.075,4.8,0.66,18569.1,2252.7
2017-01-06,10.2,10.42,9.44,3477359.84,348103.81,150.90625,102.07,2.075,4.8,0.66,18569.1,2264.5
2017-01-07,10.07,10.12,9.47,1942619.39,198160.0,152.875,101.47,2.075,4.8,0.66,18569.1,2265.3
2017-01-08,9.78,10.39,9.67,1933043.21,191334.34,152.875,101.47,2.075,4.8,0.66,18569.1,2265.3
2017-01-09,10.27,10.75,10.03,2324307.18,222512.84,152.875,101.47,2.075,4.8,0.66,18569.1,2265.3
2017-01-10,10.2,10.68,10.23,1592370.3,151430.67,151.71875,102.16,2.075,4.8,0.66,18569.1,2272.0
2017-01-11,10.55,10.72,9.49,3510206.11,351692.89,152.8125,101.785,2.075,4.8,0.66,18569.1,2263.0
2017-01-12,9.83,10.23,9.14,2340175.9,244170.16,152.65625,101.985,2.075,4.8,0.66,18569.1,2264.2
2017-01-13,9.81,9.9,9.47,1201195.82,124371.63,152.8125,101.645,2.075,4.8,0.66,18569.1,2268.2
2017-01-14,9.78,9.91,9.63,610220.36,62667.78,152.59375,101.38,2.075,4.8,0.66,18569.1,2264.5
2017-01-15,9.78,9.99,9.73,466935.89,47446.58,152.59375,101.38,2.075,4.8,0.66,18569.1,2264.5
2017-01-16,9.88,10.12,9.55,857365.28,87968.07,152.59375,101.38,2.075,4.8,0.66,18569.1,2264.5
2017-01-17,9.59,10.53,9.56,2847715.06,280999.87,152.59375,101.32,2.075,4.8,0.66,18569.1,2264.5
2017-01-18,10.14,10.46,9.91,1986053.75,194995.48,152.0625,101.34,2.075,4.8,0.66,18569.1,2266.2
2017-01-19,10.19,10.52,10.17,1181087.98,114204.82,153.28125,100.23,2.075,4.8,0.66,18569.1,2263.2
2017-01-20,10.43,10.75,10.31,1630007.87,154181.07,151.375,101.33,2.075,4.8,0.66,18569.1,2266.0
2017-01-21,10.6,11.0,10.54,1663670.87,154151.84,150.78125,100.94,2.075,4.8,0.66,18569.1,2261.9
2017-01-22,10.91,11.01,10.6,1443235.01,133890.8,150.78125,100.94,2.075,4.8,0.66,18569.1,2261.9
2017-01-23,10.71,10.96,10.63,1035512.94,96166.45,150.78125,100.94,2.075,4.8,0.66,18569.1,2261.9
2017-01-24,10.78,10.87,10.49,1330265.52,125290.45,150.78125,100.575,2.075,4.8,0.66,18569.1,2262.3
2017-01-25,10.51,10.65,10.4,864774.47,82282.71,152.0625,99.885,2.075,4.8,0.66,18569.1,2260.8
2017-01-26,10.51,10.67,10.48,940417.45,89098.36,150.84375,100.13,2.075,4.8,0.66,18569.1,2276.9
2017-01-27,10.65,10.67,10.41,1060899.57,100982.8,149.6875,99.69,2.075,4.8,0.66,18569.1,2292.7
2017-01-28,10.51,10.57,10.44,764915.1,73008.33,149.90625,100.41,2.075,4.8,0.66,18569.1,2292.1
2017-01-29,10.54,10.56,10.44,412832.22,39351.73,149.90625,100.41,2.075,4.8,0.66,18569.1,2292.1
2017-01-30,10.47,10.77,10.42,1369992.2,129400.76,149.90625,100.41,2.075,4.8,0.66,18569.1,2292.1
2017-01-31,10.62,10.8,10.53,2020510.49,190048.36,150.46875,100.33,2.075,4.8,0.56,18569.1,2283.1
2017-02-01,10.71,10.87,10.53,2367496.35,220944.16,150.15625,100.3,2.5,4.8,0.66,18569.1,2276.0
2017-02-02,10.71,10.92,10.57,2738130.48,253645.4,150.6875,99.535,2.5,4.7,0.66,18569.1,2276.0
2017-02-03,10.78,10.95,10.55,2590189.72,238476.61,150.53125,99.45,2.5,4.7,0.66,18569.1,2270.7
2017-02-04,10.95,11.4,10.88,2507121.92,223661.5,150.5,99.79,2.5,4.7,0.66,18569.1,2273.5
2017-02-05,11.32,11.39,11.1,904300.16,80557.88,150.5,99.79,2.5,4.7,0.66,18569.1,2273.5
2017-02-06,11.22,11.39,11.18,970692.97,86056.75,150.5,99.79,2.5,4.7,0.66,18569.1,2273.5
2017-02-07,11.32,11.55,11.26,1481700.25,129780.16,150.40625,99.61,2.5,4.7,0.66,18569.1,2290.9
2017-02-08,11.45,11.6,11.11,1842031.94,162470.22,151.53125,99.92,2.5,4.7,0.66,18569.1,2286.0
2017-02-09,11.39,11.49,10.53,3312153.14,303533.03,152.15625,100.395,2.5,4.7,0.66,18569.1,2285.0
2017-02-10,10.94,11.44,10.81,1955534.7,176157.32,153.5,100.22,2.5,4.7,0.66,18569.1,2290.7
2017-02-11,11.34,11.45,11.28,1131595.65,99700.65,152.28125,100.6,2.5,4.7,0.66,18569.1,2304.0
2017-02-12,11.43,11.49,11.34,679904.69,59766.91,152.28125,100.6,2.5,4.7,0.66,18569.1,2304.0
2017-02-13,11.42,11.49,11.19,1044736.73,92414.71,152.28125,100.6,2.5,4.7,0.66,18569.1,2304.0
2017-02-14,11.39,14.05,11.32,8633943.17,694347.97,151.84375,100.78,2.5,4.7,0.66,18569.1,2316.0
2017-02-15,13.0,13.68,12.63,3998609.0,310263.53,151.3125,100.91,2.5,4.7,0.66,18569.1,2325.5
2017-02-16,12.97,13.06,12.64,26181931.8,2035678.87,150.75,101.235,2.5,4.7,0.66,18569.1,2335.8
2017-02-17,12.95,12.94,12.68,2015038.64,157465.53,150.09375,100.865,2.5,4.7,0.66,18569.1,2348.5
2017-02-18,12.72,12.89,12.71,1270318.22,99183.87,150.78125,100.45,2.5,4.7,0.66,18569.1,2345.0
2017-02-19,12.83,12.92,12.74,1028415.29,79992.21,150.78125,100.45,2.5,4.7,0.66,18569.1,2345.0
2017-02-20,12.82,12.9,12.48,1980817.76,155135.12,150.78125,100.45,2.5,4.7,0.66,18569.1,2345.0
2017-02-21,12.52,12.84,12.25,2738193.49,216773.59,150.78125,100.68,2.5,4.7,0.66,18569.1,2345.0
2017-02-22,12.77,12.9,12.62,1724079.53,135387.41,151.4375,100.99,2.5,4.7,0.66,18569.1,2347.4
2017-02-23,12.69,13.3,12.64,2869257.92,221592.54,151.21875,101.28,2.5,4.7,0.66,18569.1,2360.0
2017-02-24,13.13,13.29,12.72,3472766.16,265438.72,151.40625,101.27,2.5,4.7,0.66,18569.1,2362.3
2017-02-25,13.11,13.78,12.97,3554709.69,263934.92,152.03125,100.98,2.5,4.7,0.66,18569.1,2359.4
2017-02-26,13.57,14.65,13.37,4621619.85,328409.76,152.03125,100.98,2.5,4.7,0.66,18569.1,2359.4
2017-02-27,14.59,16.09,14.3,8252909.85,551363.78,152.03125,100.98,2.5,4.7,0.66,18569.1,2359.4
2017-02-28,15.55,16.75,15.19,19857331.85,1253508.43,153.28125,101.04,2.5,4.7,0.57,18569.1,2364.3
2017-03-01,16.07,17.65,15.68,13731714.76,844865.11,152.71875,101.165,2.738,4.7,0.66,18569.1,2366.0
2017-03-02,17.55,19.64,16.58,19994584.45,1091778.86,152.28125,101.38,2.738,4.5,0.66,18569.1,2365.0
2017-03-03,19.08,21.06,17.81,24152328.49,1228424.54,150.9375,101.735,2.738,4.5,0.66,18569.1,2393.5
2017-03-04,19.48,20.19,18.56,7413157.39,383765.3,150.5,101.995,2.738,4.5,0.66,18569.1,2379.9
2017-03-05,18.61,19.4,18.1,5782306.44,307796.26,150.5,101.995,2.738,4.5,0.66,18569.1,2379.9
2017-03-06,19.22,20.3,19.0,10247940.36,516776.0,150.5,101.995,2.738,4.5,0.66,18569.1,2379.9
2017-03-07,19.75,19.81,18.52,11143090.95,581719.83,150.46875,101.355,2.738,4.5,0.66,18569.1,2375.3
2017-03-08,18.91,18.93,16.51,13176714.44,744408.07,150.21875,101.625,2.738,4.5,0.66,18569.1,2372.8
2017-03-09,16.54,18.13,15.94,9124768.56,532796.89,149.96875,101.66,2.738,4.5,0.66,18569.1,2362.5
2017-03-10,17.71,19.68,16.57,25211751.17,1365580.33,149.125,102.045,2.738,4.5,0.66,18569.1,2363.2
2017-03-11,19.13,21.64,18.72,16305702.25,808945.16,147.84375,101.79,2.738,4.5,0.66,18569.1,2376.0
2017-03-12,21.45,23.81,21.2,18139890.29,810416.18,147.84375,101.79,2.738,4.5,0.66,18569.1,2376.0
2017-03-13,23.31,31.04,23.3,62404918.78,2259579.53,147.84375,101.79,2.738,4.5,0.66,18569.1,2376.0
2017-03-14,28.45,29.88,26.91,20686242.44,727787.41,148.3125,100.965,2.738,4.5,0.66,18569.1,2373.3
2017-03-15,28.58,35.32,28.31,41558801.55,1312919.91,147.5,101.07,2.738,4.5,0.66,18569.1,2368.5
2017-03-16,35.18,46.55,34.76,110340100.2,2726645.09,148.0625,101.3,2.738,4.5,0.91,18569.1,2372.0
2017-03-17,45.51,54.88,34.55,126403905.93,2813509.21,149.78125,100.17,2.738,4.5,0.91,18569.1,2388.0
2017-03-18,44.48,45.24,30.63,78375178.99,2112492.29,148.9375,99.92,2.738,4.5,0.91,18569.1,
2017-03-19,34.0,45.55,33.4,66179861.75,1656354.27,148.9375,99.92,2.738,4.5,0.91,18569.1,
2017-03-20,43.12,45.51,40.93,36051939.83,832582.16,148.9375,99.92,2.738,4.5,0.91,18569.1,
2017-03-21,42.51,43.8,41.68,20719388.86,484366.03,150.25,99.93,2.738,4.5,0.91,18569.1,2373.0
2017-03-22,42.67,42.94,38.56,24709533.87,608057.78,150.125,99.85,2.738,4.5,0.91,18569.1,2368.0
2017-03-23,41.65,44.26,40.59,23891682.97,563076.3,151.71875,99.42,2.738,4.5,0.91,18569.1,2337.4
2017-03-24,43.2,53.74,42.77,73808171.33,1528088.17,150.65625,99.445,2.738,4.5,0.91,18569.1,2344.6
2017-03-25,53.19,53.59,47.62,54975694.06,1087149.29,150.5,99.49,2.738,4.5,0.91,18569.1,2348.7
2017-03-26,50.62,51.68,48.45,23147171.07,463494.42,150.5,99.49,2.738,4.5,0.91,18569.1,2348.7
2017-03-27,50.63,51.72,48.33,24298571.55,486365.93,150.5,99.49,2.738,4.5,0.91,18569.1,2348.7
2017-03-28,49.06,50.55,48.5,22561201.8,455379.64,150.90625,99.155,2.738,4.5,0.91,18569.1,2336.8
2017-03-29,50.25,53.97,50.08,38472526.6,735947.3,151.34375,98.93,2.738,4.5,0.91,18569.1,2340.4
2017-03-30,53.07,53.63,51.36,21489377.75,410830.36,150.53125,99.38,2.738,4.5,0.91,18569.1,2353.0
2017-03-31,51.91,52.22,46.83,37271970.09,754720.51,151.28125,99.775,2.738,4.5,0.82,18569.1,2357.7
2017-04-01,49.91,51.77,48.65,16332366.72,324783.37,150.4375,100.17,2.381,4.5,0.82,18569.1,2365.0
2017-04-02,50.6,51.15,47.58,29315614.03,594491.89,150.4375,100.17,2.381,4.4,0.82,18569.1,2365.0
2017-04-03,48.55,48.76,42.49,44841678.65,983867.93,150.4375,100.17,2.381,4.4,0.91,18569.1,2365.0
2017-04-04,44.13,45.97,41.28,30705300.81,705613.77,150.96875,100.165,2.381,4.4,0.91,18569.1,2358.8
2017-04-05,44.43,47.49,44.12,21702217.01,471198.53,152.3125,100.16,2.381,4.4,0.91,18569.1,2351.2
2017-04-06,44.9,45.87,40.99,23956305.12,549154.4,151.5625,100.26,2.381,4.4,0.91,18569.1,2353.9
2017-04-07,43.23,44.58,41.58,12658079.21,295057.05,151.875,100.165,2.381,4.4,0.91,18569.1,2343.0
2017-04-08,42.31,45.77,42.17,12638180.0,283406.41,151.75,100.505,2.381,4.4,0.91,18569.1,2349.0
2017-04-09,44.37,44.73,42.79,7984771.99,182403.63,151.75,100.505,2.381,4.4,0.91,18569.1,2349.0
2017-04-10,43.72,44.57,42.49,9252478.8,212490.27,151.75,100.505,2.381,4.4,0.91,18569.1,2349.0
2017-04-11,43.74,44.43,43.47,6477981.6,147047.4,151.375,101.01,2.381,4.4,0.91,18569.1,2352.9
2017-04-12,43.74,47.89,43.26,22030599.81,477208.91,151.6875,100.72,2.381,4.4,0.91,18569.1,2353.0
2017-04-13,46.38,51.04,46.14,28170249.76,573009.19,152.96875,100.465,2.381,4.4,0.91,18569.1,2348.0
2017-04-14,49.97,50.1,46.53,15807873.07,327571.5,153.90625,99.875,2.381,4.4,0.91,18569.1,2339.0
2017-04-15,47.32,62.03,46.89,10687561.53,219461.56,153.90625,99.875,2.381,4.4,0.91,18569.1,2339.0
2017-04-16,48.89,49.23,47.54,4563693.07,93749.24,153.90625,99.875,2.381,4.4,0.91,18569.1,2339.0
2017-04-17,48.22,48.53,47.57,8322156.32,170663.65,153.90625,99.875,2.381,4.4,0.91,18569.1,2339.0
2017-04-18,47.94,50.25,47.75,22065841.78,436070.52,154.1875,100.28,2.381,4.4,0.91,18569.1,2325.0
2017-04-19,49.88,50.5,46.86,19057555.2,380316.93,153.5625,100.14,2.381,4.4,0.91,18569.1,2344.1
2017-04-20,47.88,49.56,47.51,15519870.97,312069.94,155.28125,99.285,2.381,4.4,0.91,18569.1,2340.0
2017-04-21,49.36,49.46,48.09,9824903.87,196921.85,154.5625,99.585,2.381,4.4,0.91,18569.1,2334.0
2017-04-22,48.27,48.94,47.98,7451077.72,149803.37,154.28125,99.545,2.381,4.4,0.91,18569.1,2352.9
2017-04-23,48.41,48.92,47.91,8709584.13,172577.23,154.28125,99.545,2.381,4.4,0.91,18569.1,2352.9
2017-04-24,48.75,50.41,48.72,12211894.49,238228.15,154.28125,99.545,2.381,4.4,0.91,18569.1,2352.9
2017-04-25,49.94,50.61,49.79,8566119.69,167430.9,153.0625,99.0,2.381,4.4,0.91,18569.1,2364.5
2017-04-26,50.09,54.61,50.01,28727738.92,531522.95,153.40625,98.795,2.381,4.4,0.91,18569.1,2371.9
2017-04-27,53.28,63.42,52.43,45226868.8,750748.42,152.21875,98.555,2.381,4.4,0.91,18569.1,2384.5
2017-04-28,63.14,73.85,62.08,71238627.13,1041598.58,152.8125,98.69,2.381,4.4,0.83,18569.1,2381.6
2017-04-29,72.42,74.03,67.62,38785700.28,536860.87,152.71875,98.93,2.381,4.4,0.83,18569.1,2385.2
2017-04-30,69.83,81.26,69.28,45723362.68,599185.59,152.71875,98.93,2.381,4.4,0.83,18569.1,2385.2
2017-05-01,79.83,83.87,71.46,99260395.94,1236010.8,152.71875,98.93,2.2,4.4,0.91,18569.1,2385.2
2017-05-02,77.53,81.24,74.64,43090049.18,547108.24,152.96875,98.685,2.2,4.3,0.91,18569.1,2377.9
2017-05-03,77.25,80.96,75.4,38833085.88,486106.3,152.21875,98.78,2.2,4.3,0.91,18569.1,2385.6
2017-05-04,80.37,95.31,79.34,84572615.78,946431.09,153.0,98.6,2.2,4.3,0.91,18569.1,2384.2
2017-05-05,94.55,97.66,87.11,72828175.0,771791.02,152.5625,99.075,2.2,4.3,0.91,18569.1,2385.9
2017-05-06,90.79,95.6,90.56,30584898.98,328080.12,151.71875,98.48,2.2,4.3,0.91,18569.1,2379.4
2017-05-07,94.82,96.37,62.74,45495746.59,535325.03,151.71875,98.48,2.2,4.3,0.91,18569.1,2379.4
2017-05-08,90.46,93.45,80.93,50131802.94,558223.47,151.71875,98.48,2.2,4.3,0.91,18569.1,2379.4
2017-05-09,88.39,89.58,75.07,63784971.5,758163.5,151.5625,98.265,2.2,4.3,0.91,18569.1,2401.6
2017-05-10,86.27,91.32,84.99,28478144.16,321737.08,151.125,98.835,2.2,4.3,0.91,18569.1,2395.4
2017-05-11,87.83,90.55,85.77,32402025.29,369180.29,150.84375,99.16,2.2,4.3,0.91,18569.1,2389.4
2017-05-12,88.2,90.57,83.15,37700850.86,430272.67,150.59375,99.385,2.2,4.3,0.91,18569.1,2394.4
2017-05-13,85.15,88.59,81.81,18579547.98,215848.18,150.78125,99.35,2.2,4.3,0.91,18569.1,2390.8
2017-05-14,87.96,89.7,86.33,14701160.35,165043.86,150.78125,99.35,2.2,4.3,0.91,18569.1,2390.8
2017-05-15,88.72,94.3,86.75,50259306.03,555746.25,150.78125,99.35,2.2,4.3,0.91,18569.1,2390.8
2017-05-16,90.32,92.18,85.68,38782037.85,439109.0,151.5,98.805,2.2,4.3,0.91,18569.1,2389.0
2017-05-17,87.8,89.4,81.99,39565758.47,461291.81,151.3125,98.575,2.2,4.3,0.91,18569.1,2398.1
2017-05-18,86.98,96.1,86.69,46394766.22,495291.26,151.625,97.775,2.2,4.3,0.91,18569.1,2392.4
2017-05-19,95.88,129.47,95.73,130687977.2,1156200.73,153.6875,97.24,2.2,4.3,0.91,18569.1,2356.7
2017-05-20,124.38,129.07,120.61,63750018.33,509646.64,153.75,97.56,2.2,4.3,0.91,18569.1,2364.1
2017-05-21,123.06,148.6,121.72,110402028.57,813099.29,153.75,97.56,2.2,4.3,0.91,18569.1,2364.1
2017-05-22,148.0,181.46,133.38,274191653.75,1695380.88,153.75,97.56,2.2,4.3,0.91,18569.1,2364.1
2017-05-23,160.39,176.04,155.06,114242328.23,697270.37,153.9375,96.875,2.2,4.3,0.91,18569.1,2382.1
2017-05-24,169.5,201.15,167.81,175438578.03,940067.51,153.78125,96.615,2.2,4.3,0.91,18569.1,2390.8
2017-05-25,193.03,216.1,160.86,238787495.75,1244603.0,153.25,97.145,2.2,4.3,0.91,18569.1,2396.0
2017-05-26,177.33,197.67,141.56,180297613.5,1057854.77,153.75,96.75,2.2,4.3,0.91,18569.1,2404.0
2017-05-27,162.83,169.62,114.17,220037050.67,1551930.38,153.8125,96.99,2.2,4.3,0.91,18569.1,2412.9
2017-05-28,156.51,182.36,156.51,127225150.79,765913.66,153.8125,96.99,2.2,4.3,0.91,18569.1,2412.9
2017-05-29,172.86,197.74,165.36,117364507.62,649778.58,153.8125,96.99,2.2,4.3,0.91,18569.1,2412.9
2017-05-30,194.17,232.08,185.83,259513540.14,1246427.54,153.8125,97.17,2.2,4.3,0.91,18569.1,2412.9
2017-05-31,228.58,233.92,214.05,225740686.88,1010028.21,153.875,97.41,2.2,4.3,0.83,18569.1,2415.9
2017-06-01,228.64,235.52,208.0,188744370.55,855293.22,154.6875,97.135,1.872,4.3,0.91,18569.1,2411.0
2017-06-02,220.7,227.71,216.94,89635792.58,407207.46,154.96875,96.74,1.872,4.4,0.91,18569.1,2413.1
2017-06-03,222.04,226.41,218.79,55938007.46,253020.73,154.90625,96.96,1.872,4.4,0.91,18569.1,2429.6
2017-06-04,224.3,249.34,223.88,123696111.28,519826.47,154.90625,96.96,1.872,4.4,0.91,18569.1,2429.6
2017-06-05,244.96,248.62,241.5,83061054.37,339404.76,154.90625,96.96,1.872,4.4,0.91,18569.1,2429.6
2017-06-06,247.75,268.12,246.5,189040588.11,738103.3,156.28125,96.47,1.872,4.4,0.91,18569.1,2434.0
2017-06-07,264.26,264.8,246.17,115588722.19,449467.44,155.6875,96.535,1.872,4.4,0.91,18569.1,2433.0
2017-06-08,255.77,260.77,250.89,90124852.82,354113.99,156.375,96.315,1.872,4.4,0.91,18569.1,2431.9
2017-06-09,259.41,279.14,259.36,121471877.23,451368.51,155.75,96.455,1.872,4.4,0.91,18569.1,2431.4
2017-06-10,279.11,351.82,278.79,286877358.36,931148.98,155.90625,97.03,1.872,4.4,0.91,18569.1,2436.5
2017-06-11,335.95,351.21,314.39,215135870.25,639586.84,155.90625,97.03,1.872,4.4,0.91,18569.1,2436.5
2017-06-12,339.68,417.21,311.99,549683393.83,1509276.84,155.90625,97.03,1.872,4.4,0.91,18569.1,2436.5
2017-06-13,394.66,399.5,359.7,260123720.89,681665.87,155.5625,97.02,1.872,4.4,0.91,18569.1,2426.0
2017-06-14,388.09,393.62,317.23,348212541.18,973146.95,155.34375,96.91,1.872,4.4,0.91,18569.1,2436.0
2017-06-15,343.84,351.94,260.78,602112721.79,1945808.2,155.40625,96.725,1.872,4.4,1.16,18569.1,2443.0
2017-06-16,344.68,360.84,316.83,223997348.97,652504.83,157.0,96.625,1.872,4.4,1.16,18569.1,2422.0
2017-06-17,353.61,368.33,342.85,134453789.41,378375.61,156.625,97.19,1.872,4.4,1.16,18569.1,
2017-06-18,368.1,379.17,341.29,162855868.32,453364.71,156.625,97.19,1.872,4.4,1.16,18569.1,
2017-06-19,351.53,361.5,348.66,106180717.99,298728.2,156.625,97.19,1.872,4.4,1.16,18569.1,
2017-06-20,358.2,365.22,323.69,201343473.08,571693.85,156.9375,96.705,1.872,4.4,1.16,18569.1,2433.5
2017-06-21,350.53,352.83,138.5,305462617.14,978394.73,156.6875,97.0,1.872,4.4,1.16,18569.1,2449.0
2017-06-22,325.3,333.4,308.21,155828144.6,486700.58,157.5,97.195,1.872,4.4,1.16,18569.1,2436.0
2017-06-23,320.97,331.53,319.62,78597250.89,241098.57,156.34375,97.01,1.872,4.4,1.16,18569.1,2430.0
2017-06-24,326.85,330.28,298.73,114491120.56,366236.34,156.625,97.04,1.872,4.4,1.16,18569.1,2432.0
2017-06-25,304.54,309.98,253.3,222961091.7,794762.46,156.625,97.04,1.872,4.4,1.16,18569.1,2432.0
2017-06-26,279.36,293.55,209.55,444174618.98,1818268.14,156.625,97.04,1.872,4.4,1.16,18569.1,2432.0
2017-06-27,253.68,286.64,211.47,346738914.6,1425022.43,156.5625,96.735,1.872,4.4,1.16,18569.1,2435.5
2017-06-28,286.14,323.87,260.89,366875067.35,1257687.23,156.875,96.93,1.872,4.4,1.16,18569.1,2437.1
2017-06-29,315.86,322.28,285.89,249819374.85,829138.34,155.53125,95.925,1.872,4.4,1.16,18569.1,2419.0
2017-06-30,292.9,305.3,270.43,205409173.28,715498.52,154.90625,95.5,1.872,4.4,1.06,18569.1,2443.9
2017-07-01,280.68,281.81,253.18,214127111.59,812033.74,154.25,95.16,1.625,4.4,1.06,18569.1,2421.1
2017-07-02,261.0,293.3,254.19,189730463.06,705029.58,154.25,95.16,1.625,4.3,1.06,18569.1,2421.1
2017-07-03,283.99,284.31,272.64,139887958.58,503723.77,154.25,95.16,1.625,4.3,1.16,18569.1,2421.1
2017-07-04,276.41,282.32,265.21,141480666.78,515842.63,153.78125,95.205,1.625,4.3,1.16,18569.1,2427.3
2017-07-05,269.05,274.03,253.7,162838117.13,620794.42,153.78125,95.665,1.625,4.3,1.16,18569.1,2427.3
2017-07-06,266.0,274.55,261.57,106470793.34,400246.51,152.96875,95.68,1.625,4.3,1.16,18569.1,2427.0
2017-07-07,265.88,266.25,236.16,171183446.25,689172.67,153.40625,95.83,1.625,4.3,1.16,18569.1,2428.0
2017-07-08,240.94,248.35,230.96,139823006.33,583786.44,152.28125,95.43,1.625,4.3,1.16,18569.1,2410.5
2017-07-09,245.67,251.79,236.59,76538488.68,313936.23,152.28125,95.43,1.625,4.3,1.16,18569.1,2410.5
2017-07-10,237.72,240.09,188.21,274808713.13,1279710.77,152.28125,95.43,1.625,4.3,1.16,18569.1,2410.5
2017-07-11,205.76,216.16,175.21,368656185.14,1904168.17,151.78125,95.575,1.625,4.3,1.16,18569.1,2426.0
2017-07-12,190.55,227.06,181.62,289483936.34,1403985.29,151.9375,95.665,1.625,4.3,1.16,18569.1,2424.0
2017-07-13,224.15,226.66,193.2,196303864.51,949977.28,152.03125,95.235,1.625,4.3,1.16,18569.1,2422.9
2017-07-14,205.41,207.07,182.62,181470096.09,939689.54,152.875,95.205,1.625,4.3,1.16,18569.1,2444.2
2017-07-15,197.14,198.71,168.95,176484014.55,970745.65,152.25,95.32,1.625,4.3,1.16,18569.1,2446.0
2017-07-16,169.1,171.91,132.64,374176884.45,2453216.73,152.25,95.32,1.625,4.3,1.16,18569.1,2446.0
2017-07-17,155.42,190.26,154.25,352420261.18,2036812.69,152.25,95.32,1.625,4.3,1.16,18569.1,2446.0
2017-07-18,189.97,256.89,177.42,642203465.55,3019202.94,152.40625,94.635,1.625,4.3,1.16,18569.1,2457.1
2017-07-19,227.09,244.02,187.21,576048989.06,2682837.95,152.65625,94.515,1.625,4.3,1.16,18569.1,2458.5
2017-07-20,194.41,235.86,194.41,504434488.1,2295299.03,153.84375,94.285,1.625,4.3,1.16,18569.1,2459.1
2017-07-21,226.33,236.62,209.46,233383296.53,1045580.12,153.84375,94.395,1.625,4.3,1.16,18569.1,2470.0
2017-07-22,216.33,236.55,215.3,151128752.55,667429.85,154.1875,93.9,1.625,4.3,1.16,18569.1,2471.3
2017-07-23,230.47,234.17,220.3,128301932.65,563141.15,154.1875,93.9,1.625,4.3,1.16,18569.1,2471.3
2017-07-24,228.32,229.56,224.04,90165893.98,397799.34,154.1875,93.9,1.625,4.3,1.16,18569.1,2471.3
2017-07-25,225.48,225.98,192.64,285374761.65,1382784.11,154.625,93.52,1.625,4.3,1.16,18569.1,2466.0
2017-07-26,203.59,209.29,193.1,161659275.04,809346.64,154.1875,93.665,1.625,4.3,1.16,18569.1,2468.2
2017-07-27,202.88,205.68,198.93,102009361.91,504777.47,152.5,93.72,1.625,4.3,1.16,18569.1,2473.0
2017-07-28,202.93,203.93,189.77,123425467.06,631780.7,153.0625,93.105,1.625,4.3,1.16,18569.1,2477.4
2017-07-29,191.21,209.57,177.69,192325102.02,1010020.82,152.65625,93.5,1.625,4.3,1.16,18569.1,2462.6
2017-07-30,206.14,209.88,194.12,110586575.75,553749.07,152.65625,93.5,1.625,4.3,1.16,18569.1,2462.6
2017-07-31,196.78,201.78,190.53,103641349.39,528822.67,152.65625,93.5,1.625,4.3,1.07,18569.1,2462.6
2017-08-01,201.33,232.55,201.27,314260050.78,1444224.2,153.15625,92.955,1.72,4.3,1.16,18569.1,2474.0
2017-08-02,225.9,228.98,215.71,122967812.49,557162.98,152.9375,92.6,1.72,4.4,1.16,18569.1,2468.0
2017-08-03,218.12,228.08,217.84,93201219.53,417327.69,153.90625,92.74,1.72,4.4,1.16,18569.1,2474.1
2017-08-04,224.39,227.45,219.73,87804496.93,393605.18,153.96875,92.63,1.72,4.4,1.16,18569.1,2472.3
2017-08-05,220.6,258.47,219.72,251531536.79,1049623.56,155.125,92.49,1.72,4.4,1.16,18569.1,2470.7
2017-08-06,253.09,272.22,251.79,219315844.17,839224.25,155.125,92.49,1.72,4.4,1.16,18569.1,2470.7
2017-08-07,264.56,274.39,257.41,158590573.11,594385.57,155.125,92.49,1.72,4.4,1.16,18569.1,2470.7
2017-08-08,269.94,299.55,266.94,229459233.36,804213.25,154.125,93.15,1.72,4.4,1.16,18569.1,2476.1
2017-08-09,296.51,314.75,279.1,439031586.16,1476327.93,154.40625,93.07,1.72,4.4,1.16,18569.1,2476.1
2017-08-10,295.24,310.18,289.22,173781086.18,576082.58,154.1875,93.39,1.72,4.4,1.16,18569.1,2468.6
2017-08-11,298.28,310.36,295.94,146799311.1,486177.48,154.625,93.25,1.72,4.4,1.16,18569.1,2473.7
2017-08-12,309.32,319.14,303.71,198463746.02,634507.5,155.53125,93.1,1.72,4.4,1.16,18569.1,2436.1
2017-08-13,308.02,308.87,288.04,209757139.86,709286.89,155.53125,93.1,1.72,4.4,1.16,18569.1,2436.1
2017-08-14,296.62,306.3,294.74,138516552.98,461968.26,155.53125,93.1,1.72,4.4,1.16,18569.1,2436.1
2017-08-15,299.16,299.71,271.38,209502360.98,735205.53,155.40625,92.815,1.72,4.4,1.16,18569.1,2447.0
2017-08-16,286.52,303.29,280.66,143590085.64,487956.1,155.15625,93.2,1.72,4.4,1.16,18569.1,2463.1
2017-08-17,301.38,310.43,298.19,141776697.36,466305.76,154.21875,93.54,1.72,4.4,1.16,18569.1,2464.8
2017-08-18,300.3,306.52,287.17,155333057.71,523133.9,155.0625,93.195,1.72,4.4,1.16,18569.1,2465.6
2017-08-19,292.62,298.79,283.65,133331931.88,458296.55,155.875,93.44,1.72,4.4,1.16,18569.1,2425.9
2017-08-20,293.02,298.78,288.48,86214711.32,293661.68,155.875,93.44,1.72,4.4,1.16,18569.1,2425.9
2017-08-21,298.2,345.44,294.93,371320147.37,1147950.71,155.875,93.44,1.72,4.4,1.16,18569.1,2425.9
2017-08-22,321.85,329.39,293.09,255666010.62,823697.62,155.75,93.175,1.72,4.4,1.16,18569.1,2431.2
2017-08-23,313.37,325.1,313.16,136793702.05,428625.31,156.1875,92.82,1.72,4.4,1.16,18569.1,2429.4
2017-08-24,317.4,328.65,315.94,113467892.46,352256.9,155.65625,93.275,1.72,4.4,1.16,18569.1,2453.1
2017-08-25,325.28,337.24,324.69,142040413.42,428182.32,156.5625,92.9,1.72,4.4,1.16,18569.1,2439.3
2017-08-26,330.06,334.7,325.9,70828266.3,214806.33,156.0625,93.05,1.72,4.4,1.16,18569.1,2442.1
2017-08-27,332.86,347.92,332.8,113661914.42,336374.92,156.0625,93.05,1.72,4.4,1.16,18569.1,2442.1
2017-08-28,347.88,350.5,335.41,155518324.93,452449.22,156.0625,93.05,1.72,4.4,1.16,18569.1,2442.1
2017-08-29,347.66,375.18,347.24,245077133.04,674865.15,156.625,92.15,1.72,4.4,1.16,18569.1,2442.8
2017-08-30,372.35,390.64,367.41,247280361.72,651250.58,157.0,91.99,1.72,4.4,1.16,18569.1,2429.3
2017-08-31,383.86,389.64,380.89,129260777.23,335126.62,157.03125,92.075,1.72,4.4,1.07,18569.1,2446.5
2017-09-01,388.33,395.3,386.71,192664622.13,491601.26,157.125,92.63,1.939,4.4,1.16,18569.1,2458.0
2017-09-02,391.42,392.04,328.87,392672123.64,1101764.65,157.4375,92.36,1.939,4.2,1.16,18569.1,2472.0
2017-09-03,351.03,370.5,336.37,220213614.9,627030.97,157.4375,92.36,1.939,4.2,1.16,18569.1,2472.0
2017-09-04,352.45,352.45,279.95,518097340.34,1691892.31,157.4375,92.36,1.939,4.2,1.16,18569.1,2472.0
2017-09-05,303.7,324.37,275.97,285969365.42,947781.26,157.4375,92.45,1.939,4.2,1.16,18569.1,2472.0
2017-09-06,317.94,341.77,317.82,207751167.29,624432.7,156.84375,92.395,1.939,4.2,1.16,18569.1,2463.0
2017-09-07,338.92,338.92,323.36,145609934.39,439263.99,158.4375,91.955,1.939,4.2,1.16,18569.1,2459.3
2017-09-08,335.37,335.39,293.12,307973324.88,997877.33,157.6875,91.925,1.939,4.2,1.16,18569.1,2461.0
2017-09-09,306.72,309.07,293.71,127930167.28,423738.08,158.96875,91.215,1.939,4.2,1.16,18569.1,2461.0
2017-09-10,303.79,305.76,280.7,179819553.2,612531.96,158.96875,91.215,1.939,4.2,1.16,18569.1,2461.0
2017-09-11,299.21,308.3,288.6,149130023.67,502277.48,158.96875,91.215,1.939,4.2,1.16,18569.1,2461.0
2017-09-12,297.95,316.38,285.75,212949898.74,706469.01,158.125,91.19,1.939,4.2,1.16,18569.1,2477.0
2017-09-13,294.1,294.39,257.16,328829086.33,1204287.66,157.34375,91.67,1.939,4.2,1.16,18569.1,2491.0
2017-09-14,275.84,280.65,222.06,448360655.12,1840149.11,156.46875,91.63,1.939,4.2,1.16,18569.1,2492.5
2017-09-15,223.14,267.7,200.75,601118554.63,2545560.43,156.28125,92.165,1.939,4.2,1.16,18569.1,2492.5
2017-09-16,259.57,272.43,245.74,213735353.14,829893.83,156.625,91.775,1.939,4.2,1.16,18569.1,2492.5
2017-09-17,254.49,265.78,239.98,129073620.3,509132.86,156.625,91.775,1.939,4.2,1.16,18569.1,2492.5
2017-09-18,258.4,300.69,258.36,316944028.29,1101869.95,156.625,91.775,1.939,4.2,1.16,18569.1,2492.5
2017-09-19,297.53,299.91,275.94,211173075.81,736458.34,156.21875,91.435,1.939,4.2,1.16,18569.1,2498.2
2017-09-20,283.0,293.74,277.72,119360306.75,416768.41,155.8125,91.505,1.939,4.2,1.16,18569.1,2502.3
2017-09-21,283.56,287.13,252.22,213821119.8,794785.87,155.46875,91.275,1.939,4.2,1.16,18569.1,2502.3
2017-09-22,257.77,270.74,254.28,128332019.33,491176.93,153.90625,92.13,1.939,4.2,1.16,18569.1,2505.0
2017-09-23,262.94,286.72,259.58,111790766.56,403931.95,153.9375,91.7,1.939,4.2,1.16,18569.1,2500.4
2017-09-24,286.14,294.54,276.25,129812958.5,455005.16,153.9375,91.7,1.939,4.2,1.16,18569.1,2500.4
2017-09-25,282.6,297.01,282.48,125825077.84,431148.81,153.9375,91.7,1.939,4.2,1.16,18569.1,2500.4
2017-09-26,294.89,295.89,287.01,77729398.68,266603.9,154.25,91.89,1.939,4.2,1.16,18569.1,2502.9
2017-09-27,288.64,312.64,287.83,155862803.45,519371.43,154.84375,92.175,1.939,4.2,1.16,18569.1,2496.1
2017-09-28,309.97,310.24,298.18,116142194.54,381991.35,154.65625,92.675,1.939,4.2,1.16,18569.1,2495.1
2017-09-29,302.77,303.54,279.79,189289895.65,651910.85,152.90625,93.0,1.939,4.2,1.06,18569.1,2502.8
2017-09-30,292.58,305.91,292.32,82819424.09,274718.7,152.75,92.755,1.939,4.2,1.06,18569.1,2507.0
2017-10-01,302.77,304.79,295.44,66161942.23,220320.92,152.75,92.755,2.233,4.2,1.06,18569.1,2507.0
2017-10-02,303.95,304.13,293.34,87144370.37,291646.77,152.75,92.755,2.233,4.2,1.16,18569.1,2507.0
2017-10-03,296.81,299.92,286.86,88276884.19,302101.3,152.6875,92.71,2.233,4.2,1.16,18569.1,2520.6
2017-10-04,291.81,295.57,288.56,67580849.1,231043.01,152.5625,93.2,2.233,4.2,1.16,18569.1,2526.5
2017-10-05,291.68,297.47,286.73,59328523.56,202892.42,152.8125,92.885,2.233,4.2,1.16,18569.1,2531.5
2017-10-06,294.99,309.0,293.75,80140194.73,265830.27,152.75,93.075,2.233,4.2,1.16,18569.1,2535.7
2017-10-07,308.33,314.12,304.63,83321062.1,269276.51,152.28125,93.57,2.233,4.2,1.16,18569.1,2548.6
2017-10-08,311.26,313.52,308.13,67801593.66,217688.05,152.28125,93.57,2.233,4.2,1.16,18569.1,2548.6
2017-10-09,309.49,310.14,286.52,140753204.93,471243.74,152.28125,93.57,2.233,4.2,1.16,18569.1,2548.6
2017-10-10,296.95,305.95,292.28,80475858.44,268423.2,152.0625,93.315,2.233,4.2,1.16,18569.1,2543.8
2017-10-11,298.46,305.12,297.18,67246675.44,223439.16,152.21875,93.24,2.233,4.2,1.16,18569.1,2543.3
2017-10-12,302.86,308.77,301.65,130357482.76,426811.81,152.1875,92.705,2.233,4.2,1.16,18569.1,2548.4
2017-10-13,302.89,347.7,298.29,325130767.69,994746.99,152.4375,92.435,2.233,4.2,,18569.1,2552.1
2017-10-14,336.83,347.14,333.83,118217861.14,345894.16,153.125,92.565,2.233,4.2,,18569.1,2547.8
2017-10-15,338.81,341.93,318.35,154046243.07,465975.53,153.125,92.565,2.233,4.2,,18569.1,2547.8
2017-10-16,336.58,337.18,335.69,1916018.91,5697.18,,,,,,18569.1,
